{"stats":{"minecraft:dropped":{"minecraft:iron_ingot":2,"minecraft:stone_axe":1,"minecraft:stone_sword":1,"minecraft:crafting_table":1,"minecraft:tuff":1,"minecraft:wheat":1,"minecraft:raw_iron":50,"minecraft:iron_horse_armor":1,"minecraft:stick":15,"minecraft:gunpowder":3,"minecraft:torch":61,"minecraft:arrow":1,"minecraft:stone_pickaxe":2,"minecraft:iron_pickaxe":1,"minecraft:bone":4},"minecraft:used":{"minecraft:stone_sword":28,"minecraft:stone_pickaxe":88,"minecraft:blackstone":1,"minecraft:shield":30,"minecraft:chest":2,"minecraft:wooden_pickaxe":57,"minecraft:iron_sword":89,"minecraft:rotten_flesh":7,"minecraft:torch":3,"minecraft:dirt":2,"minecraft:crafting_table":3,"minecraft:carrot":1,"minecraft:tuff":1,"minecraft:wooden_axe":27,"minecraft:bread":1,"minecraft:iron_pickaxe":79,"minecraft:iron_axe":1,"tombstone:grave_key":5,"minecraft:stone_axe":1,"minecraft:cobblestone":33,"minecraft:sweet_berries":14,"minecraft:furnace":1,"tombstone:gift":2,"minecraft:cobbled_deepslate":16},"minecraft:killed_by":{"minecraft:player":2,"minecraft:skeleton":2,"minecraft:zombie":1},"minecraft:crafted":{"minecraft:oak_planks":20,"minecraft:crafting_table":1,"minecraft:wooden_pickaxe":1,"minecraft:iron_helmet":1,"minecraft:iron_sword":1,"minecraft:furnace":1,"minecraft:birch_planks":60,"minecraft:stone_axe":1,"minecraft:air":0,"minecraft:iron_boots":1,"minecraft:iron_chestplate":1,"minecraft:shield":1,"minecraft:iron_axe":1,"minecraft:stick":68,"minecraft:iron_ingot":35,"minecraft:iron_pickaxe":1,"minecraft:stone_pickaxe":1,"minecraft:wooden_axe":1,"minecraft:stone_sword":1,"minecraft:chest":2,"minecraft:iron_leggings":1,"minecraft:torch":88},"minecraft:killed":{"minecraft:spider":1,"minecraft:skeleton":8,"minecraft:zombie":10,"minecraft:silverfish":4},"minecraft:custom":{"minecraft:interact_with_furnace":6,"minecraft:mob_kills":24,"minecraft:interact_with_crafting_table":16,"minecraft:damage_dealt_resisted":67,"minecraft:leave_game":5,"minecraft:time_since_death":8963,"minecraft:sleep_in_bed":3,"minecraft:time_since_rest":8998,"minecraft:sprint_one_cm":177759,"minecraft:damage_taken":2561,"minecraft:walk_one_cm":116684,"minecraft:damage_blocked_by_shield":575,"minecraft:drop":56,"minecraft:damage_dealt":4589,"minecraft:swim_one_cm":672,"minecraft:player_kills":2,"minecraft:fly_one_cm":198956,"minecraft:open_chest":11,"minecraft:crouch_one_cm":944,"minecraft:play_time":74005,"tombstone:undead_killed":18,"minecraft:deaths":7,"minecraft:sneak_time":759,"minecraft:walk_under_water_one_cm":6180,"minecraft:jump":1109,"minecraft:interact_with_blast_furnace":22,"minecraft:walk_on_water_one_cm":2754,"minecraft:total_world_time":74005,"minecraft:fall_one_cm":36936},"minecraft:picked_up":{"minecraft:birch_log":15,"minecraft:crafting_table":5,"minecraft:wheat":1,"iceandfire:fire_lily":1,"minecraft:birch_planks":60,"paraglider:spirit_orb":2,"minecraft:tuff":4,"minecraft:oak_log":5,"minecraft:lapis_lazuli":7,"minecraft:string":16,"minecraft:dirt":7,"minecraft:bone":4,"minecraft:blackstone":4,"minecraft:bow":1,"minecraft:wheat_seeds":24,"minecraft:cobbled_deepslate":27,"minecraft:raw_gold":8,"minecraft:stone_pickaxe":1,"minecraft:iron_pickaxe":1,"minecraft:oak_planks":32,"minecraft:stick":2,"minecraft:raw_iron":107,"minecraft:sweet_berries":11,"iceandfire:silver_ore":6,"minecraft:torch":6,"tombstone:grave_dust":3,"sophisticatedbackpacks:iron_backpack":1,"minecraft:blast_furnace":1,"minecraft:carrot":3,"minecraft:redstone":56,"minecraft:arrow":6,"minecraft:rotten_flesh":4,"minecraft:slime_ball":5,"minecraft:coal":31,"minecraft:cobblestone":95},"minecraft:mined":{"minecraft:infested_deepslate":1,"minecraft:podzol":1,"minecraft:deepslate_redstone_ore":13,"minecraft:tuff":1,"iceandfire:silver_ore":6,"minecraft:blackstone":4,"minecraft:crafting_table":4,"minecraft:torch":1,"minecraft:blast_furnace":1,"minecraft:grass_block":3,"iceandfire:fire_lily":1,"minecraft:cobblestone":66,"minecraft:deepslate_gold_ore":8,"minecraft:spawner":1,"minecraft:carrots":3,"minecraft:birch_log":16,"minecraft:iron_ore":15,"minecraft:wheat":25,"minecraft:cobbled_deepslate":5,"minecraft:sweet_berry_bush":4,"minecraft:deepslate_lapis_ore":1,"minecraft:oak_log":5,"minecraft:coal_ore":22,"minecraft:deepslate_iron_ore":29,"minecraft:dirt":2,"minecraft:cobweb":18,"minecraft:stone":29,"minecraft:oak_leaves":1,"minecraft:deepslate":21}},"DataVersion":2975}