{"stats":{"minecraft:dropped":{"minecraft:crafting_table":1,"minecraft:wheat":1,"minecraft:stone_pickaxe":1},"minecraft:used":{"minecraft:wooden_axe":27,"minecraft:wooden_pickaxe":57,"minecraft:dirt":2,"minecraft:cobblestone":21,"minecraft:sweet_berries":14,"minecraft:crafting_table":2,"minecraft:carrot":1},"minecraft:crafted":{"minecraft:oak_planks":20,"minecraft:crafting_table":1,"minecraft:stick":12,"minecraft:wooden_pickaxe":1,"minecraft:stone_pickaxe":1,"minecraft:wooden_axe":1,"minecraft:stone_sword":1,"minecraft:birch_planks":60,"minecraft:stone_axe":1},"minecraft:killed":{"minecraft:zombie":1},"minecraft:picked_up":{"minecraft:birch_log":15,"minecraft:stick":2,"minecraft:crafting_table":3,"minecraft:wheat":1,"minecraft:sweet_berries":11,"iceandfire:fire_lily":1,"minecraft:oak_log":5,"minecraft:carrot":3,"minecraft:dirt":5,"minecraft:wheat_seeds":24,"minecraft:stone_pickaxe":1,"minecraft:cobblestone":55},"minecraft:custom":{"minecraft:time_since_rest":561,"minecraft:sprint_one_cm":58668,"minecraft:damage_taken":555,"minecraft:walk_one_cm":22316,"minecraft:mob_kills":1,"minecraft:drop":3,"minecraft:damage_dealt":322,"minecraft:player_kills":1,"minecraft:interact_with_crafting_table":2,"minecraft:fly_one_cm":96137,"minecraft:open_chest":3,"minecraft:play_time":15309,"tombstone:undead_killed":1,"minecraft:deaths":1,"minecraft:jump":484,"minecraft:leave_game":2,"minecraft:time_since_death":4392,"minecraft:walk_on_water_one_cm":1170,"minecraft:sleep_in_bed":2,"minecraft:total_world_time":15309,"minecraft:fall_one_cm":18662},"minecraft:mined":{"minecraft:podzol":1,"minecraft:carrots":3,"minecraft:birch_log":16,"minecraft:wheat":25,"minecraft:sweet_berry_bush":4,"minecraft:crafting_table":2,"minecraft:grass_block":3,"minecraft:oak_log":5,"minecraft:dirt":2,"iceandfire:fire_lily":1,"minecraft:cobblestone":48,"minecraft:stone":8,"minecraft:oak_leaves":1}},"DataVersion":2975}