{"stats":{"minecraft:dropped":{"minecraft:iron_ingot":2,"minecraft:stone_axe":1,"minecraft:stone_sword":1,"minecraft:crafting_table":1,"minecraft:tuff":1,"minecraft:wheat":1,"minecraft:raw_iron":50,"minecraft:iron_horse_armor":1,"minecraft:stick":15,"minecraft:gunpowder":3,"minecraft:torch":61,"minecraft:arrow":1,"minecraft:stone_pickaxe":2,"minecraft:iron_pickaxe":1,"minecraft:bone":4},"minecraft:used":{"minecraft:stone_sword":28,"minecraft:stone_pickaxe":88,"minecraft:blackstone":1,"minecraft:chest":2,"minecraft:wooden_pickaxe":57,"minecraft:torch":3,"minecraft:dirt":2,"minecraft:crafting_table":3,"minecraft:carrot":1,"minecraft:tuff":1,"minecraft:wooden_axe":27,"minecraft:iron_axe":1,"minecraft:iron_pickaxe":31,"tombstone:grave_key":4,"minecraft:stone_axe":1,"minecraft:cobblestone":33,"minecraft:sweet_berries":14,"minecraft:furnace":1,"minecraft:cobbled_deepslate":7},"minecraft:killed_by":{"minecraft:player":2,"minecraft:skeleton":1,"minecraft:zombie":1},"minecraft:crafted":{"minecraft:oak_planks":20,"minecraft:crafting_table":1,"minecraft:wooden_pickaxe":1,"minecraft:iron_helmet":1,"minecraft:iron_sword":1,"minecraft:furnace":1,"minecraft:birch_planks":60,"minecraft:stone_axe":1,"minecraft:air":0,"minecraft:iron_boots":1,"minecraft:iron_chestplate":1,"minecraft:shield":1,"minecraft:iron_axe":1,"minecraft:stick":68,"minecraft:iron_ingot":35,"minecraft:iron_pickaxe":1,"minecraft:stone_pickaxe":1,"minecraft:wooden_axe":1,"minecraft:stone_sword":1,"minecraft:chest":2,"minecraft:iron_leggings":1,"minecraft:torch":88},"minecraft:killed":{"minecraft:spider":1,"minecraft:skeleton":2,"minecraft:zombie":2,"minecraft:silverfish":4},"minecraft:custom":{"minecraft:interact_with_furnace":6,"minecraft:mob_kills":7,"minecraft:interact_with_crafting_table":16,"minecraft:damage_dealt_resisted":67,"minecraft:leave_game":5,"minecraft:time_since_death":538,"minecraft:sleep_in_bed":3,"minecraft:time_since_rest":562,"minecraft:sprint_one_cm":94101,"minecraft:damage_taken":2135,"minecraft:walk_one_cm":79464,"minecraft:drop":56,"minecraft:damage_dealt":1492,"minecraft:swim_one_cm":310,"minecraft:fly_one_cm":145867,"minecraft:player_kills":1,"minecraft:open_chest":5,"minecraft:crouch_one_cm":435,"minecraft:play_time":52326,"tombstone:undead_killed":4,"minecraft:deaths":6,"minecraft:sneak_time":430,"minecraft:walk_under_water_one_cm":5798,"minecraft:jump":813,"minecraft:interact_with_blast_furnace":22,"minecraft:walk_on_water_one_cm":2284,"minecraft:total_world_time":52326,"minecraft:fall_one_cm":30459},"minecraft:picked_up":{"minecraft:birch_log":15,"minecraft:crafting_table":5,"minecraft:wheat":1,"iceandfire:fire_lily":1,"minecraft:birch_planks":60,"minecraft:tuff":2,"minecraft:oak_log":5,"minecraft:dirt":5,"minecraft:bone":1,"minecraft:blackstone":1,"minecraft:wheat_seeds":24,"minecraft:cobbled_deepslate":19,"minecraft:stone_pickaxe":1,"minecraft:iron_pickaxe":1,"minecraft:oak_planks":32,"minecraft:raw_iron":100,"minecraft:stick":2,"minecraft:sweet_berries":11,"minecraft:torch":6,"sophisticatedbackpacks:iron_backpack":1,"minecraft:blast_furnace":1,"minecraft:carrot":3,"minecraft:arrow":1,"minecraft:coal":31,"minecraft:cobblestone":95},"minecraft:mined":{"minecraft:infested_deepslate":1,"minecraft:podzol":1,"minecraft:tuff":1,"minecraft:blackstone":1,"minecraft:crafting_table":4,"minecraft:torch":1,"minecraft:blast_furnace":1,"minecraft:grass_block":3,"iceandfire:fire_lily":1,"minecraft:cobblestone":66,"minecraft:carrots":3,"minecraft:cobbled_deepslate":5,"minecraft:birch_log":16,"minecraft:iron_ore":15,"minecraft:wheat":25,"minecraft:sweet_berry_bush":4,"minecraft:oak_log":5,"minecraft:coal_ore":22,"minecraft:deepslate_iron_ore":22,"minecraft:dirt":2,"minecraft:stone":29,"minecraft:oak_leaves":1,"minecraft:deepslate":12}},"DataVersion":2975}