{"stats":{"minecraft:dropped":{"minecraft:iron_ingot":2,"minecraft:crafting_table":1,"minecraft:wheat":1,"minecraft:torch":61,"minecraft:arrow":1,"minecraft:stone_pickaxe":1,"minecraft:bone":1},"minecraft:used":{"minecraft:stone_sword":28,"minecraft:stone_pickaxe":87,"minecraft:chest":2,"minecraft:wooden_pickaxe":57,"minecraft:torch":3,"minecraft:dirt":2,"minecraft:crafting_table":3,"minecraft:carrot":1,"minecraft:tuff":1,"minecraft:wooden_axe":27,"tombstone:grave_key":4,"minecraft:stone_axe":1,"minecraft:cobblestone":27,"minecraft:sweet_berries":14,"minecraft:furnace":1,"minecraft:cobbled_deepslate":7},"minecraft:killed_by":{"minecraft:player":2,"minecraft:skeleton":1,"minecraft:zombie":1},"minecraft:crafted":{"minecraft:oak_planks":20,"minecraft:crafting_table":1,"minecraft:wooden_pickaxe":1,"minecraft:furnace":1,"minecraft:birch_planks":60,"minecraft:stone_axe":1,"minecraft:air":0,"minecraft:stick":36,"minecraft:iron_ingot":6,"minecraft:stone_pickaxe":1,"minecraft:wooden_axe":1,"minecraft:stone_sword":1,"minecraft:chest":2,"minecraft:torch":88},"minecraft:killed":{"minecraft:spider":1,"minecraft:skeleton":2,"minecraft:zombie":2,"minecraft:silverfish":4},"minecraft:custom":{"minecraft:interact_with_furnace":6,"minecraft:mob_kills":7,"minecraft:interact_with_crafting_table":4,"minecraft:damage_dealt_resisted":67,"minecraft:leave_game":4,"minecraft:time_since_death":5844,"minecraft:sleep_in_bed":3,"minecraft:time_since_rest":6409,"minecraft:sprint_one_cm":82775,"minecraft:damage_taken":1815,"minecraft:walk_one_cm":59893,"minecraft:drop":45,"minecraft:damage_dealt":1492,"minecraft:swim_one_cm":310,"minecraft:fly_one_cm":130795,"minecraft:player_kills":1,"minecraft:open_chest":5,"minecraft:crouch_one_cm":106,"minecraft:play_time":38580,"tombstone:undead_killed":4,"minecraft:deaths":5,"minecraft:sneak_time":200,"minecraft:walk_under_water_one_cm":5798,"minecraft:jump":729,"minecraft:walk_on_water_one_cm":2284,"minecraft:total_world_time":38580,"minecraft:fall_one_cm":28100},"minecraft:picked_up":{"minecraft:birch_log":15,"minecraft:crafting_table":4,"minecraft:wheat":1,"iceandfire:fire_lily":1,"minecraft:tuff":2,"minecraft:oak_log":5,"minecraft:dirt":5,"minecraft:bone":1,"minecraft:wheat_seeds":24,"minecraft:cobbled_deepslate":16,"minecraft:stone_pickaxe":1,"minecraft:raw_iron":72,"minecraft:stick":2,"minecraft:sweet_berries":11,"minecraft:torch":6,"sophisticatedbackpacks:iron_backpack":1,"minecraft:carrot":3,"minecraft:arrow":1,"minecraft:coal":31,"minecraft:cobblestone":87},"minecraft:mined":{"minecraft:infested_deepslate":1,"minecraft:podzol":1,"minecraft:tuff":1,"minecraft:crafting_table":3,"minecraft:torch":1,"minecraft:grass_block":3,"iceandfire:fire_lily":1,"minecraft:cobblestone":60,"minecraft:carrots":3,"minecraft:cobbled_deepslate":5,"minecraft:birch_log":16,"minecraft:iron_ore":6,"minecraft:wheat":25,"minecraft:sweet_berry_bush":4,"minecraft:oak_log":5,"minecraft:coal_ore":22,"minecraft:deepslate_iron_ore":12,"minecraft:dirt":2,"minecraft:stone":27,"minecraft:oak_leaves":1,"minecraft:deepslate":9}},"DataVersion":2975}