{"stats":{"minecraft:dropped":{"minecraft:iron_ingot":2,"minecraft:stone_axe":1,"minecraft:stone_sword":1,"minecraft:crafting_table":1,"minecraft:tuff":1,"minecraft:wheat":1,"minecraft:raw_iron":50,"minecraft:cobblestone":1,"minecraft:rotten_flesh":1,"minecraft:iron_horse_armor":1,"minecraft:stick":15,"minecraft:gunpowder":3,"minecraft:torch":61,"minecraft:arrow":1,"minecraft:stone_pickaxe":2,"minecraft:iron_pickaxe":1,"minecraft:bone":4},"minecraft:used":{"minecraft:oak_fence":1,"minecraft:wheat_seeds":13,"minecraft:water_bucket":3,"minecraft:stone_sword":28,"minecraft:stone_pickaxe":88,"minecraft:blackstone":1,"minecraft:chest":2,"minecraft:wooden_pickaxe":57,"minecraft:shield":30,"minecraft:iron_sword":108,"minecraft:rotten_flesh":8,"minecraft:torch":3,"minecraft:dirt":2,"minecraft:crafting_table":3,"minecraft:carrot":19,"minecraft:tuff":1,"minecraft:snowball":78,"minecraft:wooden_axe":27,"minecraft:iron_pickaxe":150,"minecraft:iron_axe":7,"minecraft:bread":1,"tombstone:grave_key":5,"minecraft:stone_axe":1,"minecraft:cobblestone":49,"minecraft:sweet_berries":14,"minecraft:furnace":1,"minecraft:bucket":4,"tombstone:gift":2,"minecraft:cobbled_deepslate":16,"minecraft:bone_meal":9},"minecraft:killed_by":{"minecraft:player":3,"minecraft:skeleton":2,"minecraft:zombie":1},"minecraft:crafted":{"minecraft:oak_planks":20,"minecraft:crafting_table":1,"minecraft:iron_helmet":1,"minecraft:wooden_pickaxe":1,"minecraft:iron_sword":1,"minecraft:furnace":1,"minecraft:bucket":1,"minecraft:bone_meal":9,"minecraft:birch_planks":60,"minecraft:stone_axe":1,"minecraft:air":0,"minecraft:iron_boots":1,"minecraft:iron_chestplate":1,"minecraft:shield":1,"minecraft:iron_axe":1,"minecraft:stick":68,"minecraft:iron_ingot":38,"minecraft:iron_pickaxe":1,"minecraft:stone_pickaxe":1,"minecraft:wooden_axe":1,"minecraft:stone_sword":1,"minecraft:chest":2,"minecraft:iron_leggings":1,"minecraft:torch":88},"minecraft:killed":{"minecraft:spider":1,"minecraft:skeleton":8,"minecraft:zombie":12,"minecraft:silverfish":4},"minecraft:custom":{"minecraft:interact_with_furnace":12,"minecraft:mob_kills":26,"minecraft:interact_with_crafting_table":18,"minecraft:damage_dealt_resisted":67,"minecraft:leave_game":7,"minecraft:time_since_death":18007,"minecraft:sleep_in_bed":3,"minecraft:time_since_rest":18033,"minecraft:sprint_one_cm":239912,"minecraft:damage_taken":2963,"minecraft:walk_one_cm":161478,"minecraft:damage_blocked_by_shield":575,"minecraft:drop":58,"minecraft:damage_dealt":5286,"minecraft:swim_one_cm":9017,"minecraft:player_kills":3,"minecraft:fly_one_cm":276937,"minecraft:open_chest":19,"minecraft:crouch_one_cm":1774,"minecraft:play_time":97650,"tombstone:undead_killed":20,"minecraft:deaths":8,"minecraft:sneak_time":1217,"minecraft:walk_under_water_one_cm":8207,"minecraft:jump":1667,"minecraft:interact_with_blast_furnace":22,"minecraft:walk_on_water_one_cm":4786,"minecraft:total_world_time":97650,"minecraft:fall_one_cm":50495},"minecraft:picked_up":{"minecraft:birch_log":15,"minecraft:crafting_table":5,"minecraft:wheat":1,"iceandfire:fire_lily":1,"minecraft:birch_planks":60,"paraglider:spirit_orb":2,"minecraft:tuff":5,"minecraft:oak_log":5,"minecraft:yellow_bed":1,"minecraft:lapis_lazuli":7,"minecraft:dirt":7,"minecraft:string":16,"minecraft:bone":4,"minecraft:blackstone":4,"minecraft:bow":1,"minecraft:wheat_seeds":51,"minecraft:cobbled_deepslate":27,"minecraft:raw_gold":8,"minecraft:stone_pickaxe":1,"minecraft:iron_pickaxe":1,"minecraft:oak_planks":32,"minecraft:furnace":2,"minecraft:stick":2,"minecraft:raw_iron":122,"minecraft:sweet_berries":11,"minecraft:oak_fence":1,"minecraft:torch":6,"iceandfire:silver_ore":6,"sophisticatedbackpacks:iron_backpack":1,"tombstone:grave_dust":3,"minecraft:blast_furnace":1,"minecraft:carrot":29,"minecraft:redstone":56,"minecraft:arrow":6,"minecraft:rotten_flesh":6,"minecraft:slime_ball":5,"minecraft:snowball":78,"minecraft:coal":67,"minecraft:cobblestone":108},"minecraft:mined":{"minecraft:infested_deepslate":1,"minecraft:podzol":1,"minecraft:deepslate_redstone_ore":13,"minecraft:tuff":2,"iceandfire:silver_ore":6,"minecraft:blackstone":4,"minecraft:oak_fence":1,"minecraft:crafting_table":4,"minecraft:torch":1,"minecraft:blast_furnace":1,"minecraft:grass_block":3,"iceandfire:fire_lily":1,"minecraft:cobblestone":71,"minecraft:deepslate_coal_ore":15,"minecraft:deepslate_gold_ore":8,"minecraft:spawner":1,"minecraft:furnace":2,"minecraft:carrots":14,"minecraft:iron_ore":23,"minecraft:birch_log":16,"minecraft:wheat":53,"minecraft:cobbled_deepslate":5,"minecraft:sweet_berry_bush":7,"minecraft:deepslate_lapis_ore":1,"minecraft:yellow_bed":2,"minecraft:oak_log":5,"minecraft:coal_ore":45,"minecraft:deepslate_iron_ore":36,"minecraft:dirt":2,"minecraft:cobweb":18,"minecraft:stone":37,"minecraft:oak_leaves":1,"minecraft:deepslate":21}},"DataVersion":2975}