{"stats":{"minecraft:dropped":{"alexsmobs:animal_dictionary":3,"minecraft:rotten_flesh":2,"minecraft:leather_helmet":1,"minecraft:wooden_axe":1,"minecraft:bone_meal":1,"minecraft:wooden_pickaxe":3},"minecraft:used":{"minecraft:birch_planks":1,"minecraft:stone_pickaxe":85,"minecraft:spruce_planks":3,"minecraft:wooden_pickaxe":11,"minecraft:rotten_flesh":1,"minecraft:torch":1,"minecraft:dirt":1,"minecraft:crafting_table":1,"minecraft:carrot":1,"tombstone:bag_of_seeds":2,"minecraft:wooden_axe":27,"minecraft:bread":3,"tombstone:grave_key":2},"minecraft:broken":{"minecraft:wooden_axe":1},"minecraft:crafted":{"minecraft:crafting_table":1,"minecraft:wooden_pickaxe":1,"minecraft:birch_planks":36,"minecraft:stick":4,"minecraft:stone_pickaxe":1,"minecraft:torch":8,"minecraft:wheat":27},"minecraft:killed_by":{"minecraft:player":1,"minecraft:zombie":2},"minecraft:killed":{"minecraft:skeleton":1,"minecraft:zombie":2,"alexsmobs:flying_fish":4},"minecraft:custom":{"minecraft:mob_kills":8,"minecraft:interact_with_crafting_table":2,"minecraft:bell_ring":2,"minecraft:time_since_death":7756,"minecraft:climb_one_cm":420,"minecraft:time_since_rest":7779,"minecraft:sprint_one_cm":73670,"minecraft:damage_taken":997,"minecraft:walk_one_cm":38241,"minecraft:drop":10,"minecraft:damage_dealt":1429,"minecraft:swim_one_cm":24219,"minecraft:fly_one_cm":115805,"minecraft:player_kills":1,"minecraft:open_chest":2,"minecraft:sneak_time":2023,"minecraft:crouch_one_cm":3481,"minecraft:play_time":29476,"tombstone:undead_killed":3,"minecraft:deaths":3,"minecraft:walk_under_water_one_cm":9213,"tombstone:tomb_raiding":2,"minecraft:jump":738,"minecraft:walk_on_water_one_cm":13733,"minecraft:total_world_time":29476,"minecraft:fall_one_cm":25138},"minecraft:picked_up":{"minecraft:birch_log":9,"iceandfire:fire_lily":5,"minecraft:wooden_pickaxe":2,"minecraft:potato":5,"minecraft:dirt":4,"minecraft:blackstone":11,"minecraft:wheat_seeds":8,"tombstone:bag_of_seeds":1,"minecraft:gravel":4,"tombstone:grave_dust":1,"minecraft:blast_furnace":1,"minecraft:white_bed":1,"minecraft:carrot":1,"alexsmobs:animal_dictionary":1,"minecraft:mossy_cobblestone":1,"minecraft:rotten_flesh":3,"minecraft:arrow":2,"minecraft:yellow_carpet":2,"minecraft:beetroot_seeds":3,"minecraft:hay_block":3,"minecraft:granite":1,"minecraft:bone_meal":1,"minecraft:coal":11,"minecraft:cobblestone":33,"alexsmobs:flying_fish":4},"minecraft:mined":{"minecraft:white_bed":1,"minecraft:blackstone":11,"minecraft:mossy_cobblestone":1,"minecraft:granite":1,"minecraft:blast_furnace":1,"minecraft:grass_block":1,"minecraft:yellow_carpet":2,"iceandfire:fire_lily":5,"minecraft:cobblestone":11,"minecraft:tall_grass":2,"minecraft:spruce_leaves":1,"minecraft:hay_block":6,"minecraft:carrots":1,"minecraft:birch_log":9,"minecraft:wheat":9,"minecraft:grass":1,"minecraft:potatoes":5,"minecraft:coal_ore":10,"minecraft:beetroots":3,"minecraft:dirt_path":1,"minecraft:gravel":4,"minecraft:dirt":2,"minecraft:stone":26}},"DataVersion":2975}