{"stats":{"minecraft:custom":{"minecraft:interact_with_crafting_table":50,"minecraft:open_barrel":6,"minecraft:bell_ring":4,"minecraft:leave_game":5,"minecraft:time_since_death":193,"minecraft:sprint_one_cm":826054,"minecraft:damage_blocked_by_shield":125,"minecraft:drop":156,"minecraft:play_time":378933,"minecraft:deaths":75,"tombstone:tomb_raiding":2,"minecraft:jump":8222,"minecraft:walk_on_water_one_cm":178166,"minecraft:interact_with_furnace":22,"minecraft:sleep_in_bed":6,"minecraft:damage_dealt":37484,"minecraft:player_kills":2,"minecraft:crouch_one_cm":106191,"tombstone:undead_killed":67,"minecraft:mob_kills":189,"minecraft:climb_one_cm":5442,"minecraft:walk_one_cm":499233,"minecraft:sneak_time":37354,"minecraft:walk_under_water_one_cm":133945,"minecraft:interact_with_blast_furnace":8,"minecraft:total_world_time":378933,"minecraft:time_since_rest":215,"minecraft:damage_taken":27003,"minecraft:damage_absorbed":202,"minecraft:trigger_trapped_chest":2,"minecraft:swim_one_cm":106421,"minecraft:fly_one_cm":1882396,"minecraft:open_chest":56,"minecraft:fall_one_cm":241625},"minecraft:dropped":{"minecraft:iron_sword":3,"alexsmobs:fish_bones":1,"minecraft:birch_planks":29,"minecraft:porkchop":2,"nethers_exoticism:moloch_in_a_bucket":1,"minecraft:lapis_lazuli":10,"minecraft:glass_bottle":2,"minecraft:crafting_table":1,"minecraft:cooked_porkchop":8,"minecraft:crossbow":2,"iceandfire:ectoplasm":6,"minecraft:polished_blackstone_brick_wall":2,"minecraft:leather_helmet":1,"minecraft:dirt":24,"minecraft:mutton":2,"alexsmobs:flying_fish":2,"comforts:sleeping_bag_blue":1,"minecraft:chain":2,"minecraft:gold_nugget":13,"minecraft:bone_meal":1,"minecraft:iron_pickaxe":1,"minecraft:white_wool":2,"minecraft:gold_ingot":233,"minecraft:bone":13,"minecraft:gravel":7,"alexsmobs:animal_dictionary":3,"minecraft:cobbled_deepslate":31,"magistuarmory:iron_zweihander":1,"minecraft:nether_brick":10,"minecraft:birch_sapling":2,"minecraft:wheat":17,"minecraft:obsidian":8,"minecraft:rotten_flesh":29,"iceandfire:fire_lily":1,"magistuarmory:leather_strip":4,"minecraft:poppy":3,"iceandfire:frost_lily":1,"minecraft:arrow":5,"minecraft:iron_ingot":3,"minecraft:wheat_seeds":4,"minecraft:clock":1,"minecraft:mossy_cobblestone":1,"minecraft:golden_axe":1,"minecraft:cobblestone":12,"minecraft:granite":1,"minecraft:copper_ingot":1,"minecraft:golden_apple":1,"minecraft:stick":9,"minecraft:diorite":64,"tombstone:grave_key":4,"minecraft:wooden_axe":1,"minecraft:potion":1,"minecraft:oak_stairs":3,"minecraft:wither_rose":2,"minecraft:paper":4,"minecraft:string":6,"iceandfire:dragonscales_bronze":2,"iceandfire:dragonbone":1,"minecraft:furnace":2,"minecraft:soul_soil":11,"nethers_exoticism:jaboticaba_branch_empty":1,"minecraft:coarse_dirt":22,"minecraft:tuff":5,"sophisticatedbackpacks:backpack":3,"minecraft:filled_map":1,"betteranimalsplus:calamari_raw":1,"iceandfire:frozen_splinters":13,"minecraft:spruce_planks":8,"magistuarmory:wood_pavese":1,"minecraft:andesite":87,"minecraft:yellow_bed":1,"minecraft:oak_sapling":1,"minecraft:spruce_log":22,"minecraft:bow":2,"minecraft:stone_pickaxe":1,"minecraft:wooden_pickaxe":5,"iceandfire:sea_serpent_fang":1,"minecraft:magma_block":1,"minecraft:black_wool":1},"minecraft:used":{"iceandfire:dragon_skull_ice":1,"minecraft:chest":1,"minecraft:shield":2,"minecraft:iron_sword":50,"minecraft:red_nether_brick_stairs":2,"minecraft:rotten_flesh":1,"minecraft:soul_sand":1,"minecraft:mutton":3,"minecraft:jungle_planks":1,"minecraft:nether_bricks":14,"minecraft:carrot":1,"minecraft:obsidian":3,"nethers_exoticism:bouddha_s_hand":8,"minecraft:red_nether_brick_wall":1,"minecraft:magma_block":4,"iceandfire:chared_stone":10,"minecraft:hay_block":2,"minecraft:furnace":3,"minecraft:oak_planks":10,"minecraft:stone_pickaxe":229,"alexsmobs:flying_fish_boots":1,"minecraft:ender_pearl":3,"minecraft:blackstone":12,"minecraft:wooden_pickaxe":24,"minecraft:golden_apple":5,"minecraft:blast_furnace":2,"comforts:sleeping_bag_blue":1,"iceandfire:frozen_splinters":9,"minecraft:crying_obsidian":11,"minecraft:bread":98,"tombstone:grave_key":53,"iceandfire:chared_cobblestone":21,"minecraft:fire_charge":3,"minecraft:andesite":29,"minecraft:coarse_dirt":3,"minecraft:cobweb":2,"nethers_exoticism:jaboticaba_planks":12,"nethers_exoticism:moloch_in_a_bucket":2,"minecraft:spruce_planks":44,"minecraft:netherrack":518,"minecraft:torch":16,"minecraft:dirt":24,"minecraft:wooden_axe":27,"minecraft:basalt":52,"tombstone:gift":8,"minecraft:light_gray_bed":3,"minecraft:cobbled_deepslate":303,"minecraft:birch_planks":1,"minecraft:red_nether_bricks":4,"minecraft:polished_blackstone_bricks":16,"minecraft:crafting_table":7,"magistuarmory:diamond_zweihander":417,"minecraft:white_bed":3,"tombstone:bag_of_seeds":4,"minecraft:diamond_pickaxe":1357,"minecraft:apple":1,"minecraft:cracked_polished_blackstone_bricks":7,"minecraft:iron_pickaxe":619,"minecraft:stone_axe":10,"minecraft:cobblestone":111,"minecraft:potion":1,"minecraft:cooked_porkchop":8,"minecraft:splash_potion":1},"minecraft:killed_by":{"minecraft:wither_skeleton":2,"minecraft:piglin_brute":5,"iceandfire:siren":2,"minecraft:pillager":1,"minecraft:magma_cube":3,"alexsmobs:cachalot_whale":1,"iceandfire:sea_serpent":4,"minecraft:cave_spider":1,"iceandfire:ice_dragon":4,"minecraft:blaze":4,"minecraft:zombie":5,"iceandfire:fire_dragon":16,"alexsmobs:skelewag":2,"minecraft:player":8,"minecraft:spider":2,"iceandfire:hippogryph":1,"minecraft:skeleton":3,"iceandfire:ghost":2,"mca:male_zombie_villager":1},"minecraft:broken":{"minecraft:golden_leggings":2,"minecraft:stone_pickaxe":1,"minecraft:wooden_axe":1,"minecraft:golden_chestplate":1,"minecraft:iron_pickaxe":2},"minecraft:picked_up":{"betteranimalsplus:calamari_raw":1,"minecraft:wheat":8,"minecraft:nether_brick_fence":2,"minecraft:prismarine_shard":3,"minecraft:oak_stairs":3,"minecraft:potion":3,"minecraft:wither_rose":2,"minecraft:enchanted_book":4,"minecraft:nether_brick":25,"tombstone:grave_key":3,"piglin_expansion:basaltic_blackstone":1,"minecraft:polished_blackstone_brick_stairs":1,"minecraft:string":32,"minecraft:soul_soil":22,"minecraft:red_nether_bricks":4,"minecraft:gold_nugget":84,"minecraft:cobbled_deepslate":539,"iceandfire:frost_lily":10,"minecraft:spruce_planks":21,"minecraft:iron_pickaxe":2,"minecraft:furnace":5,"minecraft:stick":2,"minecraft:torch":14,"iceandfire:silver_ore":2,"piglin_expansion:gilded_basalt_quadratiles":1,"minecraft:porkchop":10,"minecraft:golden_axe":1,"tombstone:grave_dust":10,"minecraft:diorite":53,"minecraft:rotten_flesh":25,"minecraft:light_gray_bed":3,"iceandfire:fire_dragon_heart":1,"minecraft:blaze_rod":12,"minecraft:obsidian":11,"minecraft:cod":1,"minecraft:cobblestone":170,"alexsmobs:flying_fish":8,"minecraft:birch_log":14,"minecraft:magma_block":23,"minecraft:magma_cream":2,"minecraft:andesite":113,"paraglider:spirit_orb":2,"minecraft:golden_leggings":1,"minecraft:potato":5,"minecraft:tuff":11,"minecraft:lapis_lazuli":12,"iceandfire:dragonscales_bronze":4,"minecraft:dirt":47,"minecraft:bone":21,"minecraft:bow":2,"minecraft:wheat_seeds":36,"minecraft:diamond_helmet":1,"nethers_exoticism:bouddha_s_hand":8,"minecraft:cooked_porkchop":13,"piglin_expansion:basaltic_blackstone_slab":5,"iceandfire:dragonscales_sapphire":33,"iceandfire:dragon_skull_fire":1,"iceandfire:shiny_scales":8,"minecraft:jungle_planks":1,"minecraft:spectral_arrow":44,"minecraft:dark_oak_log":2,"alexsmobs:animal_dictionary":1,"minecraft:mossy_cobblestone":2,"iceandfire:chared_cobblestone":39,"minecraft:bundle":1,"minecraft:yellow_carpet":2,"tombstone:familiar_stone":1,"minecraft:diamond":29,"comforts:sleeping_bag_blue":1,"magistuarmory:leather_strip":2,"minecraft:cracked_polished_blackstone_bricks":7,"minecraft:crossbow":1,"minecraft:granite":1,"minecraft:bone_meal":1,"minecraft:golden_apple":1,"minecraft:emerald":2,"minecraft:bread":3,"minecraft:oak_sapling":1,"minecraft:netherrack":845,"minecraft:crimson_roots":6,"minecraft:coarse_dirt":21,"minecraft:crafting_table":4,"minecraft:splash_potion":1,"iceandfire:witherbone":1,"minecraft:nether_wart":18,"iceandfire:fire_lily":22,"minecraft:wooden_pickaxe":3,"minecraft:gold_block":12,"minecraft:chain":2,"minecraft:shield":1,"iceandfire:frozen_splinters":22,"alexsmobs:pigshoes":2,"minecraft:blackstone":54,"minecraft:iron_nugget":29,"minecraft:poppy":3,"minecraft:birch_sapling":2,"iceandfire:ice_dragon_heart":1,"minecraft:egg":1,"minecraft:raw_iron":51,"iceandfire:dragonbone":71,"minecraft:copper_ingot":1,"sophisticatedbackpacks:backpack":2,"minecraft:fire_charge":3,"minecraft:polished_blackstone_bricks":18,"minecraft:carrot":1,"minecraft:redstone":9,"minecraft:red_nether_brick_wall":1,"minecraft:prismarine_crystals":8,"iceandfire:dragon_skull_ice":6,"minecraft:arrow":9,"minecraft:beetroot_seeds":3,"minecraft:nether_bricks":14,"minecraft:diamond_boots":1,"minecraft:hay_block":41,"tombstone:essence_of_undeath":1,"minecraft:gold_ingot":129,"minecraft:mutton":4,"minecraft:bone_block":2,"minecraft:skeleton_skull":2,"minecraft:white_wool":12,"minecraft:basalt":52,"iceandfire:sea_serpent_fang":1,"minecraft:golden_carrot":1,"minecraft:glow_ink_sac":2,"minecraft:crimson_stem":2,"minecraft:leather":22,"minecraft:birch_planks":8,"minecraft:oak_log":5,"iceandfire:ectoplasm":2,"minecraft:yellow_bed":1,"tombstone:gift":2,"piglin_expansion:basaltic_blackstone_stair":2,"minecraft:red_nether_brick_stairs":2,"minecraft:apple":3,"minecraft:iron_ingot":14,"minecraft:cobweb":2,"tombstone:bag_of_seeds":3,"minecraft:glass_bottle":1,"nethers_exoticism:jaboticaba_branch_empty":5,"minecraft:iron_sword":2,"iceandfire:fire_dragon_flesh":8,"minecraft:soul_sand":20,"iceandfire:chared_stone":83,"alexsmobs:fish_bones":1,"iceandfire:sea_serpent_scales_green":7,"minecraft:quartz":22,"minecraft:gravel":73,"minecraft:blast_furnace":3,"minecraft:white_bed":3,"minecraft:spruce_log":34,"minecraft:crying_obsidian":7,"minecraft:spider_eye":1,"minecraft:stone_axe":1,"iceandfire:ice_dragon_flesh":3,"minecraft:polished_blackstone_brick_wall":2,"minecraft:dark_oak_wood":2,"minecraft:black_wool":1,"minecraft:coal":98,"minecraft:ender_pearl":3},"minecraft:killed":{"minecraft:cave_spider":3,"minecraft:zombified_piglin":2,"minecraft:spider":9,"alexsmobs:snow_leopard":1,"minecraft:skeleton":14,"alexsmobs:straddler":1,"alexsmobs:centipede_head":1,"alexsmobs:skelewag":1,"minecraft:piglin_brute":9,"minecraft:magma_cube":30,"minecraft:piglin":6,"minecraft:pig":1,"alexsmobs:grizzly_bear":1,"alexsmobs:stradpole":1,"minecraft:creeper":1,"minecraft:sheep":16,"minecraft:zombie":25,"minecraft:blaze":24,"alexsmobs:bone_serpent":1,"alexsmobs:dropbear":1,"betteranimalsplus:boar":1,"minecraft:horse":2,"iceandfire:fire_dragon":1,"iceandfire:siren":2,"minecraft:drowned":13,"alexsmobs:flying_fish":6,"minecraft:hoglin":1,"iceandfire:ghost":8,"iceandfire:ice_dragon":1,"alexsmobs:crow":1,"minecraft:wither_skeleton":3},"minecraft:mined":{"minecraft:white_bed":2,"minecraft:red_nether_bricks":5,"minecraft:obsidian":6,"piglin_expansion:basaltic_blackstone_slab":6,"piglin_expansion:basaltic_blackstone_stair":2,"minecraft:granite":1,"minecraft:grass_block":4,"minecraft:yellow_carpet":2,"minecraft:cracked_polished_blackstone_bricks":9,"minecraft:light_gray_bed":3,"minecraft:soul_soil":9,"minecraft:nether_wart":17,"minecraft:spawner":2,"minecraft:polished_blackstone_bricks":23,"minecraft:magma_block":22,"minecraft:red_nether_brick_stairs":2,"minecraft:fire":25,"minecraft:iron_ore":18,"minecraft:cobbled_deepslate":22,"piglin_expansion:basalt_quadratiles":2,"iceandfire:gold_pile":22,"minecraft:dirt_path":1,"iceandfire:chared_cobblestone":26,"minecraft:deepslate_redstone_ore":1,"nethers_exoticism:jaboticaba_branch_empty":1,"minecraft:blackstone":26,"minecraft:crimson_nylium":6,"minecraft:soul_fire":2,"minecraft:soul_lantern":1,"minecraft:powder_snow":3,"minecraft:torch":1,"minecraft:dark_oak_wood":4,"minecraft:blast_furnace":3,"minecraft:poppy":3,"iceandfire:frozen_dirt":3,"iceandfire:fire_lily":21,"minecraft:nether_quartz_ore":10,"minecraft:cobblestone":54,"minecraft:wall_torch":11,"minecraft:skeleton_skull":2,"minecraft:chain":1,"minecraft:birch_log":14,"minecraft:wheat":9,"minecraft:wither_rose":2,"minecraft:grass":37,"minecraft:oak_log":4,"minecraft:beetroots":3,"minecraft:dirt":15,"nethers_exoticism:bouddha_s_hand_block":11,"minecraft:netherrack":759,"minecraft:oak_leaves":20,"minecraft:deepslate":480,"iceandfire:chared_stone":43,"minecraft:nether_gold_ore":3,"minecraft:tuff":30,"piglin_expansion:basaltic_blackstone":2,"minecraft:mossy_cobblestone":1,"minecraft:deepslate_diamond_ore":29,"minecraft:dark_oak_log":2,"iceandfire:frozen_cobblestone":2,"minecraft:nether_bricks":14,"iceandfire:frozen_stone":1,"minecraft:jungle_planks":1,"minecraft:crimson_roots":1,"minecraft:spruce_leaves":8,"minecraft:crimson_stem":2,"minecraft:hay_block":43,"minecraft:furnace":5,"minecraft:carrots":1,"piglin_expansion:gilded_basalt_quadratiles":1,"minecraft:andesite":35,"iceandfire:chared_gravel":3,"minecraft:gold_block":14,"minecraft:nether_brick_fence":2,"minecraft:potatoes":5,"minecraft:deepslate_iron_ore":18,"minecraft:vine":6,"minecraft:packed_ice":50,"iceandfire:frost_lily":9,"minecraft:stone":156,"nethers_exoticism:jaboticaba_branch_up":1,"minecraft:soul_sand":7,"minecraft:basalt":49,"minecraft:polished_blackstone_brick_wall":2,"iceandfire:frozen_gravel":1,"minecraft:crafting_table":4,"minecraft:emerald_ore":1,"minecraft:tall_grass":15,"minecraft:red_nether_brick_wall":1,"minecraft:polished_blackstone_brick_stairs":1,"minecraft:diorite":146,"minecraft:coarse_dirt":7,"minecraft:sweet_berry_bush":1,"minecraft:ice":3,"minecraft:birch_leaves":8,"minecraft:spruce_log":7,"nethers_exoticism:jaboticaba_branch":1,"minecraft:yellow_bed":1,"minecraft:coal_ore":32,"iceandfire:silver_pile":8,"minecraft:gravel":14,"minecraft:cobweb":3,"minecraft:deepslate_emerald_ore":1},"minecraft:crafted":{"minecraft:oak_planks":20,"magistuarmory:iron_shortsword":1,"magistuarmory:diamond_zweihander":1,"minecraft:diamond_leggings":1,"minecraft:chest":3,"magistuarmory:diamond_shortsword":1,"sophisticatedbackpacks:backpack":2,"minecraft:cooked_porkchop":3,"minecraft:crafting_table":4,"minecraft:spruce_planks":48,"minecraft:wooden_pickaxe":2,"magistuarmory:iron_zweihander":1,"minecraft:birch_planks":56,"magistuarmory:wood_pavese":1,"nethers_exoticism:jaboticaba_planks":12,"minecraft:diamond_pickaxe":1,"sophisticatedbackpacks:diamond_backpack":1,"minecraft:stick":24,"minecraft:iron_ingot":8,"minecraft:iron_pickaxe":2,"minecraft:gold_ingot":107,"magistuarmory:leather_strip":6,"minecraft:furnace":1,"magistuarmory:hilt":4,"magistuarmory:steel_ingot":5,"minecraft:stone_pickaxe":2,"comforts:sleeping_bag_blue":2,"minecraft:dark_oak_planks":16,"alexsmobs:flying_fish_boots":1,"minecraft:wheat":346,"sophisticatedbackpacks:iron_backpack":1,"minecraft:crimson_planks":8,"minecraft:iron_sword":1,"minecraft:bowl":16,"sophisticatedbackpacks:gold_backpack":1,"iceandfire:fire_stew":12,"minecraft:air":0,"minecraft:bread":115,"minecraft:blue_dye":6,"minecraft:white_wool":1,"minecraft:blue_wool":6,"minecraft:white_bed":1,"minecraft:torch":8}},"DataVersion":2975}