{"stats":{"minecraft:dropped":{"minecraft:birch_planks":26,"minecraft:clock":1,"minecraft:lapis_lazuli":7,"minecraft:mossy_cobblestone":1,"minecraft:crafting_table":1,"minecraft:cobblestone":5,"minecraft:granite":1,"minecraft:leather_helmet":1,"minecraft:dirt":6,"tombstone:grave_key":1,"minecraft:wooden_axe":1,"minecraft:oak_stairs":3,"minecraft:bone_meal":1,"minecraft:bone":4,"minecraft:gravel":7,"minecraft:coarse_dirt":12,"alexsmobs:animal_dictionary":3,"minecraft:cobbled_deepslate":8,"minecraft:tuff":2,"minecraft:birch_sapling":1,"minecraft:rotten_flesh":2,"minecraft:poppy":3,"iceandfire:frozen_splinters":13,"minecraft:andesite":87,"minecraft:oak_sapling":1,"minecraft:stone_pickaxe":1,"minecraft:wooden_pickaxe":3},"minecraft:used":{"minecraft:spruce_planks":23,"minecraft:shield":2,"minecraft:iron_sword":39,"minecraft:rotten_flesh":1,"minecraft:torch":8,"minecraft:dirt":14,"minecraft:carrot":1,"minecraft:wooden_axe":27,"minecraft:magma_block":4,"minecraft:furnace":1,"tombstone:gift":4,"minecraft:cobbled_deepslate":168,"minecraft:light_gray_bed":3,"minecraft:birch_planks":1,"minecraft:stone_pickaxe":229,"minecraft:wooden_pickaxe":24,"minecraft:crafting_table":4,"minecraft:white_bed":1,"iceandfire:frozen_splinters":9,"tombstone:bag_of_seeds":3,"minecraft:apple":1,"minecraft:bread":9,"minecraft:iron_pickaxe":482,"tombstone:grave_key":7,"minecraft:stone_axe":10,"minecraft:cobblestone":79,"minecraft:andesite":29,"minecraft:coarse_dirt":2},"minecraft:broken":{"minecraft:stone_pickaxe":1,"minecraft:iron_pickaxe":1,"minecraft:wooden_axe":1},"minecraft:crafted":{"minecraft:furnace":1,"minecraft:stone_pickaxe":2,"minecraft:wheat":72,"minecraft:crafting_table":3,"minecraft:spruce_planks":28,"minecraft:wooden_pickaxe":2,"minecraft:iron_sword":1,"minecraft:birch_planks":56,"minecraft:bread":9,"minecraft:air":0,"minecraft:stick":16,"minecraft:iron_pickaxe":2,"minecraft:iron_ingot":5,"minecraft:gold_ingot":2,"minecraft:torch":8},"minecraft:killed_by":{"minecraft:player":2,"minecraft:spider":1,"minecraft:pillager":1,"iceandfire:hippogryph":1,"minecraft:cave_spider":1,"iceandfire:ice_dragon":4,"minecraft:skeleton":2,"minecraft:zombie":3,"mca:male_zombie_villager":1},"minecraft:killed":{"minecraft:cave_spider":3,"minecraft:spider":1,"minecraft:skeleton":4,"alexsmobs:flying_fish":4,"minecraft:pig":1,"minecraft:zombie":3,"iceandfire:ice_dragon":1},"minecraft:custom":{"minecraft:mob_kills":18,"minecraft:interact_with_crafting_table":13,"minecraft:bell_ring":4,"minecraft:leave_game":2,"minecraft:time_since_death":11260,"minecraft:climb_one_cm":621,"minecraft:sprint_one_cm":307132,"minecraft:walk_one_cm":153134,"minecraft:damage_blocked_by_shield":125,"minecraft:drop":41,"minecraft:play_time":134491,"minecraft:deaths":19,"minecraft:sneak_time":11277,"minecraft:walk_under_water_one_cm":14015,"tombstone:tomb_raiding":2,"minecraft:jump":3018,"minecraft:walk_on_water_one_cm":18177,"minecraft:total_world_time":134491,"minecraft:interact_with_furnace":10,"minecraft:sleep_in_bed":4,"minecraft:time_since_rest":11310,"minecraft:damage_taken":5850,"minecraft:damage_dealt":4488,"minecraft:swim_one_cm":27018,"minecraft:fly_one_cm":490684,"minecraft:player_kills":2,"minecraft:open_chest":8,"minecraft:crouch_one_cm":19298,"tombstone:undead_killed":7,"minecraft:fall_one_cm":88740},"minecraft:picked_up":{"minecraft:coarse_dirt":14,"minecraft:crafting_table":2,"iceandfire:fire_lily":15,"minecraft:wooden_pickaxe":2,"minecraft:oak_stairs":3,"tombstone:grave_key":1,"minecraft:shield":1,"minecraft:string":9,"iceandfire:frozen_splinters":22,"minecraft:blackstone":11,"minecraft:cobbled_deepslate":236,"iceandfire:frost_lily":5,"minecraft:poppy":3,"minecraft:iron_pickaxe":1,"minecraft:birch_sapling":1,"iceandfire:ice_dragon_heart":1,"minecraft:furnace":1,"iceandfire:dragonbone":13,"minecraft:raw_iron":44,"minecraft:porkchop":3,"tombstone:grave_dust":4,"minecraft:diorite":53,"minecraft:carrot":1,"iceandfire:dragon_skull_ice":1,"minecraft:light_gray_bed":3,"minecraft:arrow":3,"minecraft:rotten_flesh":4,"minecraft:beetroot_seeds":3,"minecraft:hay_block":8,"minecraft:cobblestone":130,"alexsmobs:flying_fish":6,"minecraft:birch_log":14,"minecraft:magma_block":4,"minecraft:glow_ink_sac":2,"minecraft:andesite":87,"minecraft:leather":1,"minecraft:potato":5,"minecraft:birch_planks":2,"minecraft:tuff":2,"minecraft:oak_log":1,"minecraft:lapis_lazuli":7,"minecraft:dirt":19,"tombstone:gift":1,"minecraft:bone":6,"minecraft:wheat_seeds":8,"minecraft:iron_ingot":1,"tombstone:bag_of_seeds":2,"iceandfire:dragonscales_sapphire":33,"minecraft:gravel":7,"minecraft:blast_furnace":2,"minecraft:white_bed":2,"minecraft:spruce_log":7,"alexsmobs:animal_dictionary":1,"minecraft:spider_eye":1,"minecraft:mossy_cobblestone":2,"minecraft:yellow_carpet":2,"minecraft:diamond":20,"minecraft:stone_axe":1,"minecraft:granite":1,"minecraft:bone_meal":1,"iceandfire:ice_dragon_flesh":3,"minecraft:bread":3,"minecraft:emerald":1,"minecraft:oak_sapling":1,"minecraft:coal":31},"minecraft:mined":{"minecraft:tuff":3,"minecraft:white_bed":1,"minecraft:mossy_cobblestone":1,"minecraft:deepslate_diamond_ore":20,"iceandfire:frozen_cobblestone":2,"minecraft:granite":1,"iceandfire:frozen_stone":1,"minecraft:grass_block":3,"minecraft:yellow_carpet":2,"minecraft:light_gray_bed":3,"minecraft:spruce_leaves":8,"minecraft:hay_block":11,"minecraft:magma_block":4,"minecraft:furnace":1,"minecraft:carrots":1,"minecraft:iron_ore":18,"minecraft:cobbled_deepslate":2,"minecraft:andesite":29,"minecraft:potatoes":5,"minecraft:deepslate_iron_ore":18,"minecraft:dirt_path":1,"iceandfire:frost_lily":5,"minecraft:stone":138,"minecraft:blackstone":11,"iceandfire:frozen_gravel":1,"minecraft:crafting_table":2,"minecraft:blast_furnace":2,"minecraft:poppy":3,"iceandfire:frozen_dirt":3,"iceandfire:fire_lily":15,"minecraft:tall_grass":2,"minecraft:cobblestone":33,"minecraft:diorite":101,"minecraft:coarse_dirt":6,"minecraft:birch_log":14,"minecraft:wheat":9,"minecraft:spruce_log":7,"minecraft:birch_leaves":8,"minecraft:grass":4,"iceandfire:silver_pile":8,"minecraft:coal_ore":30,"minecraft:beetroots":3,"minecraft:dirt":14,"minecraft:gravel":7,"minecraft:oak_leaves":15,"minecraft:deepslate_emerald_ore":1,"minecraft:deepslate":235}},"DataVersion":2975}