{"stats":{"minecraft:dropped":{"minecraft:iron_sword":3,"minecraft:porkchop":2,"minecraft:birch_planks":29,"minecraft:lapis_lazuli":10,"minecraft:crafting_table":1,"minecraft:crossbow":1,"iceandfire:ectoplasm":6,"minecraft:leather_helmet":1,"minecraft:dirt":24,"minecraft:mutton":2,"alexsmobs:flying_fish":2,"comforts:sleeping_bag_blue":1,"minecraft:bone_meal":1,"minecraft:iron_pickaxe":1,"minecraft:white_wool":2,"minecraft:bone":13,"minecraft:gravel":7,"minecraft:cobbled_deepslate":8,"alexsmobs:animal_dictionary":3,"magistuarmory:iron_zweihander":1,"minecraft:birch_sapling":2,"minecraft:wheat":16,"minecraft:rotten_flesh":13,"iceandfire:fire_lily":1,"magistuarmory:leather_strip":4,"minecraft:poppy":3,"iceandfire:frost_lily":1,"minecraft:arrow":3,"minecraft:iron_ingot":2,"minecraft:wheat_seeds":4,"minecraft:clock":1,"minecraft:mossy_cobblestone":1,"minecraft:cobblestone":12,"minecraft:granite":1,"minecraft:golden_apple":1,"minecraft:stick":9,"minecraft:diorite":64,"tombstone:grave_key":4,"minecraft:wooden_axe":1,"minecraft:oak_stairs":3,"minecraft:wither_rose":2,"minecraft:paper":4,"minecraft:string":6,"iceandfire:dragonscales_bronze":2,"iceandfire:dragonbone":1,"minecraft:furnace":2,"minecraft:coarse_dirt":22,"minecraft:tuff":2,"sophisticatedbackpacks:backpack":3,"betteranimalsplus:calamari_raw":1,"iceandfire:frozen_splinters":13,"minecraft:spruce_planks":8,"minecraft:andesite":87,"magistuarmory:wood_pavese":1,"minecraft:yellow_bed":1,"minecraft:oak_sapling":1,"minecraft:spruce_log":22,"minecraft:bow":1,"minecraft:stone_pickaxe":1,"minecraft:wooden_pickaxe":5,"iceandfire:sea_serpent_fang":1,"minecraft:black_wool":1},"minecraft:used":{"iceandfire:dragon_skull_ice":1,"minecraft:shield":2,"minecraft:iron_sword":50,"minecraft:rotten_flesh":1,"minecraft:mutton":3,"minecraft:jungle_planks":1,"minecraft:carrot":1,"minecraft:magma_block":4,"minecraft:hay_block":2,"minecraft:furnace":3,"minecraft:stone_pickaxe":229,"minecraft:oak_planks":10,"alexsmobs:flying_fish_boots":1,"minecraft:wooden_pickaxe":24,"minecraft:blast_furnace":2,"iceandfire:frozen_splinters":9,"comforts:sleeping_bag_blue":1,"minecraft:bread":38,"tombstone:grave_key":26,"iceandfire:chared_cobblestone":2,"minecraft:andesite":29,"minecraft:coarse_dirt":3,"minecraft:cobweb":2,"minecraft:spruce_planks":23,"minecraft:torch":11,"minecraft:dirt":24,"minecraft:wooden_axe":27,"tombstone:gift":8,"minecraft:cobbled_deepslate":248,"minecraft:light_gray_bed":3,"minecraft:birch_planks":1,"minecraft:crafting_table":7,"magistuarmory:diamond_zweihander":221,"minecraft:white_bed":3,"tombstone:bag_of_seeds":4,"minecraft:diamond_pickaxe":109,"minecraft:apple":1,"minecraft:iron_pickaxe":619,"minecraft:stone_axe":10,"minecraft:cobblestone":111,"minecraft:cooked_porkchop":3},"minecraft:broken":{"minecraft:stone_pickaxe":1,"minecraft:wooden_axe":1,"minecraft:golden_chestplate":1,"minecraft:iron_pickaxe":2},"minecraft:killed_by":{"iceandfire:siren":2,"minecraft:pillager":1,"alexsmobs:cachalot_whale":1,"iceandfire:sea_serpent":4,"minecraft:cave_spider":1,"iceandfire:ice_dragon":4,"minecraft:zombie":5,"iceandfire:fire_dragon":3,"alexsmobs:skelewag":2,"minecraft:player":8,"minecraft:spider":2,"iceandfire:hippogryph":1,"minecraft:skeleton":3,"iceandfire:ghost":2,"mca:male_zombie_villager":1},"minecraft:crafted":{"minecraft:oak_planks":20,"magistuarmory:iron_shortsword":1,"magistuarmory:diamond_zweihander":1,"minecraft:chest":2,"magistuarmory:diamond_shortsword":1,"sophisticatedbackpacks:backpack":2,"minecraft:cooked_porkchop":3,"minecraft:crafting_table":4,"minecraft:spruce_planks":48,"minecraft:wooden_pickaxe":2,"magistuarmory:iron_zweihander":1,"minecraft:birch_planks":56,"magistuarmory:wood_pavese":1,"minecraft:diamond_pickaxe":1,"minecraft:stick":24,"minecraft:iron_ingot":8,"minecraft:iron_pickaxe":2,"minecraft:gold_ingot":2,"magistuarmory:leather_strip":6,"minecraft:furnace":1,"magistuarmory:hilt":4,"magistuarmory:steel_ingot":5,"minecraft:stone_pickaxe":2,"comforts:sleeping_bag_blue":2,"minecraft:dark_oak_planks":16,"alexsmobs:flying_fish_boots":1,"sophisticatedbackpacks:iron_backpack":1,"minecraft:wheat":72,"minecraft:iron_sword":1,"minecraft:bowl":16,"minecraft:bread":24,"minecraft:air":0,"minecraft:blue_dye":6,"minecraft:white_wool":1,"minecraft:blue_wool":6,"minecraft:white_bed":1,"minecraft:torch":8},"minecraft:killed":{"minecraft:cave_spider":3,"minecraft:spider":9,"alexsmobs:snow_leopard":1,"minecraft:skeleton":9,"alexsmobs:skelewag":1,"minecraft:pig":1,"alexsmobs:grizzly_bear":1,"minecraft:creeper":1,"minecraft:sheep":16,"minecraft:zombie":18,"betteranimalsplus:boar":1,"minecraft:horse":2,"iceandfire:fire_dragon":1,"iceandfire:siren":2,"minecraft:drowned":13,"alexsmobs:flying_fish":6,"iceandfire:ghost":8,"iceandfire:ice_dragon":1,"alexsmobs:crow":1,"minecraft:wither_skeleton":1},"minecraft:custom":{"minecraft:interact_with_crafting_table":39,"minecraft:open_barrel":6,"minecraft:bell_ring":4,"minecraft:leave_game":3,"minecraft:time_since_death":6319,"minecraft:sprint_one_cm":616644,"minecraft:damage_blocked_by_shield":125,"minecraft:drop":115,"minecraft:play_time":260847,"minecraft:deaths":44,"tombstone:tomb_raiding":2,"minecraft:jump":5989,"minecraft:walk_on_water_one_cm":178166,"minecraft:interact_with_furnace":19,"minecraft:sleep_in_bed":6,"minecraft:damage_dealt":20165,"minecraft:player_kills":2,"minecraft:crouch_one_cm":30152,"tombstone:undead_killed":50,"minecraft:mob_kills":96,"minecraft:climb_one_cm":2087,"minecraft:walk_one_cm":314044,"minecraft:sneak_time":15278,"minecraft:walk_under_water_one_cm":133945,"minecraft:interact_with_blast_furnace":8,"minecraft:total_world_time":260847,"minecraft:time_since_rest":6340,"minecraft:damage_taken":13925,"minecraft:trigger_trapped_chest":2,"minecraft:swim_one_cm":106421,"minecraft:fly_one_cm":1570104,"minecraft:open_chest":26,"minecraft:fall_one_cm":171582},"minecraft:picked_up":{"betteranimalsplus:calamari_raw":1,"minecraft:wheat":8,"minecraft:prismarine_shard":3,"minecraft:oak_stairs":3,"minecraft:wither_rose":2,"tombstone:grave_key":3,"minecraft:string":29,"minecraft:gold_nugget":62,"minecraft:cobbled_deepslate":260,"iceandfire:frost_lily":10,"minecraft:iron_pickaxe":2,"minecraft:furnace":4,"minecraft:stick":2,"minecraft:torch":3,"minecraft:porkchop":5,"tombstone:grave_dust":8,"minecraft:diorite":53,"minecraft:rotten_flesh":17,"minecraft:light_gray_bed":3,"iceandfire:fire_dragon_heart":1,"minecraft:cobblestone":169,"minecraft:cod":1,"alexsmobs:flying_fish":8,"minecraft:birch_log":14,"minecraft:magma_block":4,"minecraft:andesite":87,"minecraft:potato":5,"minecraft:tuff":2,"minecraft:lapis_lazuli":8,"iceandfire:dragonscales_bronze":4,"minecraft:dirt":47,"minecraft:bone":14,"minecraft:bow":2,"minecraft:wheat_seeds":36,"minecraft:diamond_helmet":1,"iceandfire:dragonscales_sapphire":33,"iceandfire:dragon_skull_fire":1,"iceandfire:shiny_scales":8,"minecraft:jungle_planks":1,"alexsmobs:animal_dictionary":1,"minecraft:dark_oak_log":2,"minecraft:mossy_cobblestone":2,"iceandfire:chared_cobblestone":21,"minecraft:bundle":1,"minecraft:yellow_carpet":2,"minecraft:diamond":20,"comforts:sleeping_bag_blue":1,"magistuarmory:leather_strip":2,"minecraft:granite":1,"minecraft:bone_meal":1,"minecraft:golden_apple":1,"minecraft:emerald":2,"minecraft:bread":3,"minecraft:oak_sapling":1,"minecraft:crafting_table":4,"minecraft:coarse_dirt":21,"iceandfire:witherbone":1,"iceandfire:fire_lily":22,"minecraft:wooden_pickaxe":3,"minecraft:shield":1,"iceandfire:frozen_splinters":22,"minecraft:blackstone":11,"minecraft:poppy":3,"minecraft:birch_sapling":2,"iceandfire:ice_dragon_heart":1,"minecraft:egg":1,"minecraft:raw_iron":51,"iceandfire:dragonbone":71,"minecraft:copper_ingot":1,"sophisticatedbackpacks:backpack":2,"minecraft:carrot":1,"minecraft:prismarine_crystals":8,"iceandfire:dragon_skull_ice":6,"minecraft:arrow":4,"minecraft:beetroot_seeds":3,"minecraft:diamond_boots":1,"minecraft:hay_block":41,"minecraft:mutton":4,"minecraft:skeleton_skull":2,"minecraft:white_wool":12,"iceandfire:sea_serpent_fang":1,"minecraft:golden_carrot":1,"minecraft:glow_ink_sac":2,"minecraft:leather":12,"minecraft:birch_planks":8,"minecraft:oak_log":5,"iceandfire:ectoplasm":2,"minecraft:yellow_bed":1,"tombstone:gift":2,"minecraft:apple":3,"minecraft:iron_ingot":14,"minecraft:cobweb":2,"tombstone:bag_of_seeds":3,"minecraft:iron_sword":2,"iceandfire:fire_dragon_flesh":8,"iceandfire:chared_stone":26,"alexsmobs:fish_bones":1,"iceandfire:sea_serpent_scales_green":7,"minecraft:gravel":7,"minecraft:blast_furnace":3,"minecraft:white_bed":3,"minecraft:spruce_log":34,"minecraft:spider_eye":1,"minecraft:stone_axe":1,"iceandfire:ice_dragon_flesh":3,"minecraft:dark_oak_wood":2,"minecraft:black_wool":1,"minecraft:coal":98},"minecraft:mined":{"minecraft:white_bed":2,"minecraft:granite":1,"minecraft:grass_block":4,"minecraft:yellow_carpet":2,"minecraft:light_gray_bed":3,"minecraft:magma_block":4,"minecraft:iron_ore":18,"minecraft:cobbled_deepslate":13,"iceandfire:gold_pile":22,"minecraft:dirt_path":1,"iceandfire:chared_cobblestone":25,"minecraft:blackstone":11,"minecraft:powder_snow":3,"minecraft:torch":1,"minecraft:dark_oak_wood":4,"minecraft:blast_furnace":3,"minecraft:poppy":3,"iceandfire:frozen_dirt":3,"iceandfire:fire_lily":21,"minecraft:cobblestone":54,"minecraft:skeleton_skull":2,"minecraft:wheat":9,"minecraft:birch_log":14,"minecraft:wither_rose":2,"minecraft:grass":37,"minecraft:oak_log":4,"minecraft:beetroots":3,"minecraft:dirt":15,"minecraft:oak_leaves":20,"minecraft:deepslate":270,"iceandfire:chared_stone":29,"minecraft:tuff":19,"minecraft:mossy_cobblestone":1,"minecraft:deepslate_diamond_ore":20,"minecraft:dark_oak_log":2,"iceandfire:frozen_cobblestone":2,"iceandfire:frozen_stone":1,"minecraft:jungle_planks":1,"minecraft:spruce_leaves":8,"minecraft:hay_block":43,"minecraft:furnace":4,"minecraft:carrots":1,"iceandfire:chared_gravel":3,"minecraft:andesite":31,"minecraft:potatoes":5,"minecraft:deepslate_iron_ore":18,"minecraft:vine":6,"minecraft:packed_ice":50,"iceandfire:frost_lily":9,"minecraft:stone":155,"iceandfire:frozen_gravel":1,"minecraft:crafting_table":4,"minecraft:emerald_ore":1,"minecraft:tall_grass":15,"minecraft:diorite":146,"minecraft:coarse_dirt":7,"minecraft:sweet_berry_bush":1,"minecraft:ice":3,"minecraft:spruce_log":7,"minecraft:birch_leaves":8,"minecraft:yellow_bed":1,"minecraft:coal_ore":32,"iceandfire:silver_pile":8,"minecraft:gravel":14,"minecraft:cobweb":3,"minecraft:deepslate_emerald_ore":1}},"DataVersion":2975}