{"stats":{"minecraft:dropped":{"alexsmobs:animal_dictionary":3,"minecraft:wooden_axe":1},"minecraft:used":{"minecraft:rotten_flesh":1,"minecraft:wooden_axe":16,"minecraft:dirt":1,"minecraft:crafting_table":1,"minecraft:birch_planks":1,"minecraft:spruce_planks":2,"tombstone:grave_key":1},"minecraft:crafted":{"minecraft:birch_planks":16,"minecraft:crafting_table":1,"minecraft:stick":4,"minecraft:wooden_pickaxe":1},"minecraft:killed_by":{"minecraft:zombie":1,"minecraft:player":1},"minecraft:killed":{"minecraft:zombie":1},"minecraft:picked_up":{"minecraft:birch_log":8,"minecraft:rotten_flesh":1,"tombstone:grave_dust":1,"minecraft:dirt":1,"alexsmobs:animal_dictionary":1},"minecraft:custom":{"minecraft:time_since_rest":958,"tombstone:undead_killed":1,"minecraft:crouch_one_cm":574,"minecraft:sprint_one_cm":22782,"minecraft:play_time":17476,"minecraft:damage_taken":540,"minecraft:deaths":2,"minecraft:walk_one_cm":19391,"minecraft:sneak_time":461,"minecraft:walk_under_water_one_cm":5165,"minecraft:mob_kills":2,"minecraft:drop":4,"tombstone:tomb_raiding":2,"minecraft:jump":434,"minecraft:damage_dealt":742,"minecraft:time_since_death":936,"minecraft:walk_on_water_one_cm":5870,"minecraft:total_world_time":17476,"minecraft:interact_with_crafting_table":1,"minecraft:swim_one_cm":11781,"minecraft:fall_one_cm":15352,"minecraft:fly_one_cm":65665,"minecraft:player_kills":1},"minecraft:mined":{"minecraft:grass_block":1,"minecraft:birch_log":8}},"DataVersion":2975}