{"stats":{"minecraft:dropped":{"minecraft:iron_ingot":2,"minecraft:iron_sword":3,"minecraft:porkchop":2,"minecraft:birch_planks":26,"minecraft:wheat_seeds":1,"minecraft:clock":1,"minecraft:lapis_lazuli":10,"minecraft:mossy_cobblestone":1,"minecraft:crafting_table":1,"minecraft:crossbow":1,"minecraft:cobblestone":12,"minecraft:granite":1,"minecraft:leather_helmet":1,"minecraft:golden_apple":1,"minecraft:stick":5,"minecraft:dirt":21,"minecraft:diorite":64,"tombstone:grave_key":1,"minecraft:wooden_axe":1,"comforts:sleeping_bag_blue":1,"minecraft:wither_rose":2,"minecraft:oak_stairs":3,"minecraft:bone_meal":1,"minecraft:iron_pickaxe":1,"minecraft:paper":4,"minecraft:string":5,"iceandfire:dragonscales_bronze":2,"minecraft:bone":11,"minecraft:gravel":7,"minecraft:furnace":2,"minecraft:coarse_dirt":22,"alexsmobs:animal_dictionary":3,"minecraft:cobbled_deepslate":8,"magistuarmory:iron_zweihander":1,"minecraft:tuff":2,"minecraft:birch_sapling":2,"minecraft:rotten_flesh":4,"sophisticatedbackpacks:backpack":2,"iceandfire:fire_lily":1,"magistuarmory:leather_strip":4,"minecraft:poppy":3,"iceandfire:frozen_splinters":13,"minecraft:yellow_bed":1,"minecraft:andesite":87,"magistuarmory:wood_pavese":1,"minecraft:oak_sapling":1,"iceandfire:frost_lily":1,"minecraft:stone_pickaxe":1,"minecraft:wooden_pickaxe":5},"minecraft:used":{"minecraft:spruce_planks":23,"minecraft:shield":2,"minecraft:iron_sword":50,"minecraft:rotten_flesh":1,"minecraft:torch":8,"minecraft:dirt":14,"minecraft:carrot":1,"minecraft:wooden_axe":27,"minecraft:magma_block":4,"minecraft:furnace":3,"tombstone:gift":5,"minecraft:cobbled_deepslate":234,"minecraft:light_gray_bed":3,"minecraft:birch_planks":1,"minecraft:stone_pickaxe":229,"minecraft:wooden_pickaxe":24,"minecraft:crafting_table":6,"magistuarmory:diamond_zweihander":96,"minecraft:blast_furnace":1,"minecraft:white_bed":1,"comforts:sleeping_bag_blue":1,"iceandfire:frozen_splinters":9,"tombstone:bag_of_seeds":4,"minecraft:apple":1,"minecraft:bread":12,"minecraft:iron_pickaxe":619,"tombstone:grave_key":12,"minecraft:stone_axe":10,"minecraft:cobblestone":111,"minecraft:cooked_porkchop":3,"minecraft:andesite":29,"minecraft:coarse_dirt":2,"minecraft:cobweb":2},"minecraft:broken":{"minecraft:stone_pickaxe":1,"minecraft:iron_pickaxe":2,"minecraft:wooden_axe":1,"minecraft:golden_chestplate":1},"minecraft:killed_by":{"minecraft:player":2,"minecraft:spider":2,"minecraft:pillager":1,"iceandfire:hippogryph":1,"minecraft:cave_spider":1,"iceandfire:ice_dragon":4,"minecraft:skeleton":3,"minecraft:zombie":4,"iceandfire:ghost":1,"mca:male_zombie_villager":1,"iceandfire:fire_dragon":2},"minecraft:crafted":{"minecraft:oak_planks":4,"minecraft:furnace":1,"magistuarmory:iron_shortsword":1,"magistuarmory:diamond_zweihander":1,"magistuarmory:hilt":4,"magistuarmory:steel_ingot":5,"minecraft:stone_pickaxe":2,"minecraft:chest":2,"comforts:sleeping_bag_blue":2,"minecraft:dark_oak_planks":16,"minecraft:wheat":72,"sophisticatedbackpacks:backpack":2,"magistuarmory:diamond_shortsword":1,"minecraft:cooked_porkchop":3,"minecraft:crafting_table":3,"minecraft:spruce_planks":28,"minecraft:wooden_pickaxe":2,"minecraft:iron_sword":1,"magistuarmory:iron_zweihander":1,"minecraft:birch_planks":56,"minecraft:bread":24,"minecraft:air":0,"minecraft:blue_dye":6,"magistuarmory:wood_pavese":1,"minecraft:white_wool":1,"minecraft:stick":20,"minecraft:iron_pickaxe":2,"minecraft:iron_ingot":8,"minecraft:blue_wool":6,"minecraft:gold_ingot":2,"minecraft:torch":8,"magistuarmory:leather_strip":6},"minecraft:killed":{"minecraft:cave_spider":3,"minecraft:spider":9,"betteranimalsplus:boar":1,"minecraft:horse":2,"minecraft:skeleton":8,"iceandfire:fire_dragon":1,"alexsmobs:flying_fish":4,"minecraft:pig":1,"alexsmobs:grizzly_bear":1,"minecraft:creeper":1,"minecraft:sheep":12,"minecraft:zombie":11,"iceandfire:ghost":6,"iceandfire:ice_dragon":1,"minecraft:wither_skeleton":1},"minecraft:custom":{"minecraft:mob_kills":62,"minecraft:interact_with_crafting_table":28,"minecraft:bell_ring":4,"minecraft:leave_game":2,"minecraft:time_since_death":2482,"minecraft:climb_one_cm":657,"minecraft:sprint_one_cm":430846,"minecraft:walk_one_cm":223093,"minecraft:damage_blocked_by_shield":125,"minecraft:drop":84,"minecraft:play_time":182491,"minecraft:deaths":26,"minecraft:sneak_time":12118,"minecraft:walk_under_water_one_cm":14015,"tombstone:tomb_raiding":2,"minecraft:jump":4127,"minecraft:interact_with_blast_furnace":5,"minecraft:walk_on_water_one_cm":18177,"minecraft:total_world_time":182491,"minecraft:interact_with_furnace":17,"minecraft:sleep_in_bed":5,"minecraft:time_since_rest":2505,"minecraft:damage_taken":7908,"minecraft:trigger_trapped_chest":2,"minecraft:damage_dealt":12799,"minecraft:swim_one_cm":27018,"minecraft:fly_one_cm":702533,"minecraft:player_kills":2,"minecraft:open_chest":12,"minecraft:crouch_one_cm":21352,"tombstone:undead_killed":26,"minecraft:fall_one_cm":120346},"minecraft:picked_up":{"minecraft:coarse_dirt":20,"minecraft:crafting_table":4,"iceandfire:witherbone":1,"iceandfire:fire_lily":19,"minecraft:wooden_pickaxe":3,"minecraft:oak_stairs":3,"minecraft:wither_rose":2,"tombstone:grave_key":1,"minecraft:shield":1,"minecraft:string":29,"iceandfire:frozen_splinters":22,"minecraft:blackstone":11,"minecraft:gold_nugget":48,"minecraft:cobbled_deepslate":243,"iceandfire:frost_lily":7,"minecraft:poppy":3,"minecraft:iron_pickaxe":2,"minecraft:birch_sapling":2,"iceandfire:ice_dragon_heart":1,"minecraft:furnace":4,"iceandfire:dragonbone":21,"minecraft:raw_iron":51,"sophisticatedbackpacks:backpack":2,"minecraft:porkchop":5,"tombstone:grave_dust":8,"minecraft:diorite":53,"minecraft:carrot":1,"iceandfire:dragon_skull_ice":1,"minecraft:light_gray_bed":3,"minecraft:arrow":3,"minecraft:rotten_flesh":5,"minecraft:beetroot_seeds":3,"minecraft:hay_block":8,"iceandfire:fire_dragon_heart":1,"minecraft:skeleton_skull":2,"minecraft:white_wool":8,"minecraft:cobblestone":169,"alexsmobs:flying_fish":6,"minecraft:birch_log":14,"minecraft:magma_block":4,"minecraft:golden_carrot":1,"minecraft:glow_ink_sac":2,"minecraft:andesite":87,"minecraft:leather":12,"minecraft:potato":5,"minecraft:birch_planks":2,"minecraft:tuff":2,"minecraft:oak_log":1,"minecraft:yellow_bed":1,"minecraft:lapis_lazuli":8,"minecraft:dirt":34,"iceandfire:dragonscales_bronze":4,"tombstone:gift":2,"minecraft:bone":12,"minecraft:apple":2,"minecraft:wheat_seeds":33,"minecraft:iron_ingot":5,"minecraft:cobweb":2,"tombstone:bag_of_seeds":3,"iceandfire:fire_dragon_flesh":8,"minecraft:iron_sword":2,"iceandfire:dragonscales_sapphire":33,"minecraft:gravel":7,"iceandfire:dragon_skull_fire":1,"minecraft:dark_oak_log":2,"minecraft:blast_furnace":3,"minecraft:white_bed":2,"minecraft:spruce_log":7,"alexsmobs:animal_dictionary":1,"minecraft:spider_eye":1,"minecraft:mossy_cobblestone":2,"minecraft:yellow_carpet":2,"comforts:sleeping_bag_blue":1,"minecraft:diamond":20,"minecraft:stone_axe":1,"magistuarmory:leather_strip":2,"minecraft:granite":1,"minecraft:bone_meal":1,"minecraft:golden_apple":1,"iceandfire:ice_dragon_flesh":3,"minecraft:bread":3,"minecraft:emerald":1,"minecraft:black_wool":1,"minecraft:oak_sapling":1,"minecraft:dark_oak_wood":2,"minecraft:coal":98},"minecraft:mined":{"minecraft:tuff":3,"minecraft:white_bed":1,"minecraft:mossy_cobblestone":1,"minecraft:deepslate_diamond_ore":20,"minecraft:dark_oak_log":2,"iceandfire:frozen_cobblestone":2,"minecraft:granite":1,"iceandfire:frozen_stone":1,"minecraft:grass_block":3,"minecraft:yellow_carpet":2,"minecraft:light_gray_bed":3,"minecraft:spruce_leaves":8,"minecraft:hay_block":11,"minecraft:magma_block":4,"minecraft:furnace":4,"minecraft:carrots":1,"minecraft:iron_ore":18,"minecraft:cobbled_deepslate":9,"iceandfire:chared_gravel":3,"minecraft:andesite":29,"minecraft:vine":6,"iceandfire:gold_pile":22,"minecraft:potatoes":5,"minecraft:deepslate_iron_ore":18,"minecraft:dirt_path":1,"iceandfire:frost_lily":6,"minecraft:stone":155,"minecraft:blackstone":11,"iceandfire:frozen_gravel":1,"minecraft:crafting_table":4,"minecraft:dark_oak_wood":4,"minecraft:blast_furnace":3,"minecraft:poppy":3,"iceandfire:frozen_dirt":3,"iceandfire:fire_lily":18,"minecraft:tall_grass":3,"minecraft:cobblestone":54,"minecraft:diorite":146,"minecraft:skeleton_skull":2,"minecraft:coarse_dirt":6,"minecraft:birch_log":14,"minecraft:wheat":9,"minecraft:wither_rose":2,"minecraft:spruce_log":7,"minecraft:birch_leaves":8,"minecraft:yellow_bed":1,"minecraft:grass":15,"iceandfire:silver_pile":8,"minecraft:coal_ore":32,"minecraft:beetroots":3,"minecraft:dirt":14,"minecraft:gravel":13,"minecraft:cobweb":3,"minecraft:oak_leaves":17,"minecraft:deepslate_emerald_ore":1,"minecraft:deepslate":235,"iceandfire:chared_stone":3}},"DataVersion":2975}