{"stats":{"minecraft:custom":{"minecraft:interact_with_furnace":8,"minecraft:mob_kills":13,"minecraft:interact_with_crafting_table":8,"minecraft:bell_ring":2,"minecraft:time_since_death":3435,"minecraft:sleep_in_bed":1,"minecraft:climb_one_cm":420,"minecraft:time_since_rest":2695,"minecraft:sprint_one_cm":158571,"minecraft:damage_taken":2843,"minecraft:walk_one_cm":70213,"minecraft:damage_blocked_by_shield":125,"minecraft:drop":17,"minecraft:damage_dealt":2092,"minecraft:player_kills":2,"minecraft:swim_one_cm":24219,"minecraft:fly_one_cm":249109,"minecraft:open_chest":4,"minecraft:play_time":58712,"minecraft:crouch_one_cm":5539,"minecraft:sneak_time":3064,"tombstone:undead_killed":5,"minecraft:deaths":8,"minecraft:walk_under_water_one_cm":9213,"tombstone:tomb_raiding":2,"minecraft:jump":1404,"minecraft:walk_on_water_one_cm":16828,"minecraft:total_world_time":58712,"minecraft:fall_one_cm":47234},"minecraft:dropped":{"minecraft:gravel":4,"minecraft:birch_planks":26,"alexsmobs:animal_dictionary":3,"minecraft:cobbled_deepslate":8,"minecraft:rotten_flesh":2,"minecraft:granite":1,"minecraft:leather_helmet":1,"minecraft:dirt":3,"minecraft:wooden_axe":1,"minecraft:bone_meal":1,"minecraft:wooden_pickaxe":3,"minecraft:stone_pickaxe":1},"minecraft:used":{"minecraft:birch_planks":1,"minecraft:stone_pickaxe":98,"minecraft:wooden_pickaxe":11,"minecraft:spruce_planks":23,"minecraft:shield":2,"minecraft:rotten_flesh":1,"minecraft:torch":8,"minecraft:dirt":1,"minecraft:crafting_table":1,"minecraft:carrot":1,"minecraft:white_bed":1,"tombstone:bag_of_seeds":3,"minecraft:wooden_axe":27,"minecraft:apple":1,"minecraft:bread":9,"minecraft:iron_pickaxe":13,"tombstone:grave_key":2,"minecraft:stone_axe":10,"minecraft:coarse_dirt":2,"minecraft:light_gray_bed":1},"minecraft:killed_by":{"minecraft:player":2,"minecraft:cave_spider":1,"minecraft:skeleton":1,"minecraft:zombie":2,"minecraft:pillager":1,"mca:male_zombie_villager":1},"minecraft:broken":{"minecraft:wooden_axe":1},"minecraft:picked_up":{"minecraft:birch_log":14,"minecraft:coarse_dirt":2,"minecraft:glow_ink_sac":2,"iceandfire:fire_lily":8,"minecraft:wooden_pickaxe":2,"minecraft:potato":5,"minecraft:shield":1,"minecraft:dirt":4,"minecraft:string":9,"minecraft:bone":2,"minecraft:blackstone":11,"minecraft:wheat_seeds":8,"minecraft:cobbled_deepslate":9,"iceandfire:frost_lily":3,"tombstone:bag_of_seeds":2,"minecraft:iron_pickaxe":1,"minecraft:raw_iron":5,"minecraft:gravel":4,"tombstone:grave_dust":3,"minecraft:blast_furnace":1,"minecraft:spruce_log":7,"minecraft:white_bed":2,"minecraft:carrot":1,"minecraft:mossy_cobblestone":1,"minecraft:spider_eye":1,"alexsmobs:animal_dictionary":1,"minecraft:light_gray_bed":2,"minecraft:rotten_flesh":3,"minecraft:arrow":3,"minecraft:yellow_carpet":2,"minecraft:diamond":4,"minecraft:stone_axe":1,"minecraft:beetroot_seeds":3,"minecraft:hay_block":3,"minecraft:granite":1,"minecraft:bone_meal":1,"minecraft:bread":3,"minecraft:coal":11,"alexsmobs:flying_fish":4,"minecraft:cobblestone":35},"minecraft:killed":{"minecraft:cave_spider":3,"minecraft:skeleton":3,"minecraft:zombie":2,"alexsmobs:flying_fish":4},"minecraft:crafted":{"minecraft:crafting_table":2,"minecraft:spruce_planks":28,"minecraft:wooden_pickaxe":1,"minecraft:birch_planks":56,"minecraft:bread":9,"minecraft:stick":12,"minecraft:stone_pickaxe":1,"minecraft:torch":8,"minecraft:wheat":27},"minecraft:mined":{"minecraft:white_bed":1,"minecraft:mossy_cobblestone":1,"minecraft:blackstone":11,"minecraft:deepslate_diamond_ore":4,"minecraft:granite":1,"minecraft:blast_furnace":1,"minecraft:grass_block":1,"minecraft:yellow_carpet":2,"minecraft:light_gray_bed":2,"iceandfire:fire_lily":8,"minecraft:tall_grass":2,"minecraft:cobblestone":11,"minecraft:spruce_leaves":6,"minecraft:hay_block":6,"minecraft:coarse_dirt":2,"minecraft:carrots":1,"minecraft:birch_log":14,"minecraft:wheat":9,"minecraft:spruce_log":7,"minecraft:grass":1,"minecraft:potatoes":5,"minecraft:coal_ore":10,"minecraft:beetroots":3,"minecraft:deepslate_iron_ore":5,"minecraft:dirt_path":1,"minecraft:gravel":4,"minecraft:dirt":2,"iceandfire:frost_lily":3,"minecraft:stone":28,"minecraft:deepslate":9}},"DataVersion":2975}