{"stats":{"minecraft:dropped":{"minecraft:bread":3,"minecraft:stone_axe":1,"minecraft:wheat_seeds":1,"minecraft:white_bed":1,"minecraft:shield":1,"tombstone:grave_dust":1,"minecraft:bone_meal":1,"minecraft:wooden_pickaxe":3,"minecraft:iron_pickaxe":1},"minecraft:used":{"minecraft:stone_pickaxe":67,"minecraft:shield":1,"minecraft:wooden_pickaxe":25,"minecraft:rotten_flesh":1,"minecraft:dirt":2,"minecraft:crafting_table":6,"minecraft:white_bed":1,"minecraft:snowball":61,"minecraft:wooden_axe":5,"minecraft:bread":6,"minecraft:iron_pickaxe":37,"tombstone:grave_key":1,"minecraft:stone_axe":14,"minecraft:cobblestone":10,"minecraft:furnace":2,"tombstone:gift":2,"minecraft:oak_boat":2},"minecraft:killed_by":{"minecraft:player":3,"alexsmobs:centipede_head":1,"minecraft:zombie":1},"minecraft:crafted":{"minecraft:oak_planks":8,"minecraft:crafting_table":1,"minecraft:spruce_planks":20,"minecraft:wooden_pickaxe":1,"minecraft:furnace":1,"minecraft:stone_axe":2,"minecraft:bread":15,"minecraft:air":0,"minecraft:oak_boat":1,"minecraft:shield":2,"minecraft:stick":16,"minecraft:iron_ingot":11,"minecraft:iron_pickaxe":2,"minecraft:stone_pickaxe":1,"minecraft:wooden_axe":1,"minecraft:gold_ingot":5,"minecraft:wheat":45},"minecraft:killed":{"minecraft:cave_spider":1,"minecraft:spider":1,"alexsmobs:centipede_head":1},"minecraft:custom":{"minecraft:interact_with_furnace":16,"minecraft:mob_kills":3,"minecraft:interact_with_crafting_table":26,"minecraft:time_since_death":2194,"minecraft:time_since_rest":2217,"minecraft:sprint_one_cm":78273,"minecraft:damage_taken":2135,"minecraft:walk_one_cm":69496,"minecraft:drop":13,"minecraft:damage_dealt":977,"minecraft:player_kills":1,"minecraft:swim_one_cm":30542,"minecraft:fly_one_cm":110540,"minecraft:open_chest":2,"minecraft:crouch_one_cm":7564,"minecraft:play_time":35662,"minecraft:deaths":6,"minecraft:sneak_time":3824,"minecraft:walk_under_water_one_cm":13522,"minecraft:boat_one_cm":2811,"minecraft:jump":822,"minecraft:walk_on_water_one_cm":9396,"minecraft:total_world_time":35662,"minecraft:fall_one_cm":25749},"minecraft:picked_up":{"minecraft:wooden_axe":1,"minecraft:crafting_table":5,"minecraft:wooden_pickaxe":2,"minecraft:birch_planks":26,"minecraft:flint":1,"minecraft:oak_log":2,"minecraft:lapis_lazuli":13,"minecraft:dirt":5,"minecraft:stonecutter":1,"minecraft:wheat_seeds":4,"minecraft:cobbled_deepslate":27,"minecraft:raw_gold":12,"minecraft:oak_boat":2,"minecraft:fletching_table":1,"minecraft:furnace":1,"minecraft:raw_iron":18,"iceandfire:silver_ore":1,"minecraft:gravel":7,"minecraft:white_bed":3,"minecraft:spruce_log":5,"minecraft:carrot":1,"minecraft:leather_helmet":1,"iceandfire:dragon_skull_ice":1,"minecraft:rotten_flesh":1,"minecraft:beetroot_seeds":1,"minecraft:hay_block":5,"minecraft:granite":5,"minecraft:bone_meal":1,"minecraft:snowball":73,"minecraft:coal":2,"minecraft:cobblestone":42},"minecraft:mined":{"minecraft:white_bed":3,"iceandfire:silver_ore":1,"minecraft:crafting_table":5,"minecraft:granite":4,"minecraft:grass_block":1,"minecraft:cobblestone":10,"minecraft:deepslate_gold_ore":12,"minecraft:hay_block":2,"minecraft:furnace":1,"minecraft:carrots":1,"minecraft:iron_ore":8,"minecraft:wheat":4,"minecraft:spruce_log":5,"minecraft:deepslate_lapis_ore":2,"minecraft:fletching_table":1,"minecraft:grass":5,"minecraft:oak_log":2,"minecraft:coal_ore":3,"minecraft:deepslate_iron_ore":10,"minecraft:beetroots":1,"minecraft:dripstone_block":1,"minecraft:dirt":1,"minecraft:gravel":4,"minecraft:stonecutter":1,"minecraft:stone":33,"minecraft:oak_leaves":2,"minecraft:deepslate":14,"minecraft:fern":1}},"DataVersion":2975}