{"stats":{"minecraft:dropped":{"minecraft:bread":4,"minecraft:brown_mushroom":1,"minecraft:wheat_seeds":1,"tombstone:grave_dust":1,"minecraft:bone_meal":1,"minecraft:iron_pickaxe":1,"minecraft:stone_axe":2,"minecraft:white_bed":1,"minecraft:shield":1,"minecraft:wooden_pickaxe":3},"minecraft:used":{"minecraft:chest":1,"minecraft:shield":4,"minecraft:stone_hoe":27,"minecraft:rotten_flesh":1,"minecraft:dirt":14,"minecraft:carrot":5,"minecraft:snowball":61,"minecraft:wooden_axe":5,"minecraft:sweet_berries":18,"minecraft:furnace":3,"minecraft:beetroot_seeds":1,"tombstone:gift":5,"minecraft:egg":1,"minecraft:cobbled_deepslate":28,"minecraft:wheat_seeds":18,"minecraft:water_bucket":38,"minecraft:stone_pickaxe":85,"minecraft:wooden_pickaxe":25,"minecraft:composter":1,"minecraft:glow_berries":16,"minecraft:crafting_table":7,"minecraft:white_bed":1,"minecraft:wooden_hoe":57,"minecraft:bread":17,"minecraft:iron_pickaxe":186,"tombstone:magic_scroll":1,"tombstone:grave_key":13,"minecraft:gravel":1,"minecraft:stone_axe":91,"tombstone:familiar_stone":1,"minecraft:cobblestone":103,"minecraft:bucket":39,"minecraft:oak_boat":2,"minecraft:coarse_dirt":24,"minecraft:bone_meal":9},"minecraft:broken":{"minecraft:leather_helmet":1,"minecraft:leather_boots":1,"minecraft:stone_axe":1,"minecraft:wooden_hoe":1},"minecraft:killed_by":{"minecraft:player":3,"minecraft:creeper":1,"alexsmobs:centipede_head":1,"minecraft:skeleton":4,"minecraft:zombie":5},"minecraft:crafted":{"minecraft:oak_planks":8,"minecraft:furnace":2,"minecraft:bone_meal":60,"minecraft:spruce_slab":12,"minecraft:stone_pickaxe":1,"minecraft:chest":1,"minecraft:stone_hoe":1,"minecraft:wheat":45,"minecraft:crafting_table":2,"minecraft:spruce_planks":20,"minecraft:wooden_pickaxe":1,"minecraft:bucket":1,"minecraft:stone_axe":3,"minecraft:bread":15,"minecraft:air":0,"minecraft:oak_boat":1,"minecraft:wooden_hoe":1,"minecraft:charcoal":11,"minecraft:shield":2,"minecraft:stick":24,"minecraft:iron_pickaxe":2,"minecraft:iron_ingot":11,"minecraft:wooden_axe":1,"minecraft:gold_ingot":5,"minecraft:composter":1},"minecraft:killed":{"minecraft:cave_spider":1,"minecraft:spider":4,"minecraft:skeleton":10,"alexsmobs:centipede_head":1,"minecraft:zombie":10},"minecraft:custom":{"minecraft:mob_kills":28,"minecraft:interact_with_crafting_table":37,"minecraft:damage_dealt_resisted":55,"minecraft:leave_game":2,"minecraft:time_since_death":3773,"minecraft:sprint_one_cm":235955,"minecraft:walk_one_cm":178215,"minecraft:damage_blocked_by_shield":115,"minecraft:drop":16,"minecraft:play_time":111119,"minecraft:deaths":18,"minecraft:sneak_time":6623,"minecraft:walk_under_water_one_cm":19530,"minecraft:boat_one_cm":2811,"minecraft:jump":3270,"minecraft:walk_on_water_one_cm":20995,"minecraft:total_world_time":111119,"minecraft:interact_with_furnace":22,"minecraft:sleep_in_bed":1,"minecraft:time_since_rest":3798,"minecraft:damage_taken":5745,"minecraft:damage_dealt":6758,"minecraft:swim_one_cm":43084,"minecraft:fly_one_cm":525902,"minecraft:player_kills":2,"minecraft:open_chest":13,"minecraft:crouch_one_cm":14709,"tombstone:undead_killed":20,"minecraft:fall_one_cm":104567},"minecraft:picked_up":{"minecraft:wooden_axe":1,"minecraft:coarse_dirt":41,"minecraft:crafting_table":5,"minecraft:wheat":2,"minecraft:brown_mushroom":1,"minecraft:wooden_pickaxe":2,"minecraft:string":5,"minecraft:cobbled_deepslate":47,"iceandfire:frost_lily":1,"minecraft:oak_boat":2,"minecraft:calcite":37,"minecraft:egg":1,"minecraft:furnace":1,"minecraft:raw_iron":43,"iceandfire:silver_ore":1,"tombstone:grave_dust":4,"minecraft:pointed_dripstone":8,"minecraft:carrot":4,"iceandfire:dragon_skull_ice":1,"minecraft:arrow":14,"minecraft:rotten_flesh":5,"minecraft:beetroot_seeds":1,"minecraft:hay_block":5,"minecraft:snowball":73,"minecraft:cobblestone":114,"minecraft:glow_ink_sac":3,"minecraft:birch_planks":26,"paraglider:spirit_orb":2,"minecraft:flint":1,"minecraft:oak_log":2,"minecraft:lapis_lazuli":13,"minecraft:dirt":17,"minecraft:leather_boots":1,"minecraft:bone":15,"minecraft:stonecutter":1,"minecraft:bow":1,"minecraft:wheat_seeds":22,"minecraft:raw_gold":14,"minecraft:iron_ingot":1,"minecraft:fletching_table":1,"minecraft:smooth_basalt":1,"minecraft:sweet_berries":26,"minecraft:gravel":8,"minecraft:white_bed":4,"minecraft:spruce_log":5,"minecraft:spider_eye":1,"minecraft:leather_helmet":1,"tombstone:familiar_stone":1,"minecraft:diamond":8,"minecraft:stone_axe":1,"minecraft:granite":5,"minecraft:bone_meal":1,"minecraft:bread":1,"tombstone:magic_scroll":1,"minecraft:coal":2},"minecraft:mined":{"minecraft:white_bed":4,"minecraft:farmland":5,"iceandfire:silver_ore":1,"minecraft:deepslate_diamond_ore":8,"minecraft:granite":4,"minecraft:grass_block":2,"minecraft:spawner":1,"minecraft:large_fern":24,"minecraft:hay_block":2,"minecraft:furnace":1,"minecraft:carrots":2,"minecraft:iron_ore":17,"minecraft:deepslate_lapis_ore":2,"minecraft:fletching_table":1,"minecraft:pointed_dripstone":4,"minecraft:deepslate_iron_ore":26,"iceandfire:frost_lily":1,"minecraft:stone":105,"minecraft:brown_mushroom":1,"minecraft:crafting_table":5,"minecraft:calcite":33,"minecraft:cobblestone":10,"minecraft:deepslate_gold_ore":14,"minecraft:coarse_dirt":12,"minecraft:sweet_berry_bush":5,"minecraft:wheat":7,"minecraft:spruce_log":5,"minecraft:grass":14,"minecraft:oak_log":2,"minecraft:coal_ore":3,"minecraft:beetroots":1,"minecraft:dirt":7,"minecraft:gravel":5,"minecraft:dripstone_block":1,"minecraft:smooth_basalt":1,"minecraft:stonecutter":1,"minecraft:oak_leaves":2,"minecraft:deepslate":34,"minecraft:fern":24}},"DataVersion":2975}