{"stats":{"minecraft:dropped":{"minecraft:wheat_seeds":1,"tombstone:grave_dust":1},"minecraft:used":{"minecraft:wooden_axe":5,"minecraft:wooden_pickaxe":9,"minecraft:rotten_flesh":1,"minecraft:cobblestone":2,"minecraft:crafting_table":1,"tombstone:gift":2,"minecraft:snowball":57},"minecraft:crafted":{"minecraft:crafting_table":1,"minecraft:spruce_planks":20,"minecraft:stick":8,"minecraft:wooden_pickaxe":1,"minecraft:wooden_axe":1},"minecraft:killed_by":{"minecraft:player":2},"minecraft:custom":{"minecraft:time_since_rest":1004,"minecraft:sprint_one_cm":21681,"minecraft:damage_taken":956,"minecraft:walk_one_cm":26970,"minecraft:drop":2,"minecraft:damage_dealt":133,"minecraft:swim_one_cm":9324,"minecraft:interact_with_crafting_table":3,"minecraft:fly_one_cm":42335,"minecraft:crouch_one_cm":1658,"minecraft:play_time":11662,"minecraft:deaths":3,"minecraft:sneak_time":603,"minecraft:walk_under_water_one_cm":7185,"minecraft:jump":299,"minecraft:walk_on_water_one_cm":3149,"minecraft:time_since_death":980,"minecraft:total_world_time":11662,"minecraft:fall_one_cm":7416},"minecraft:picked_up":{"minecraft:wooden_axe":1,"minecraft:crafting_table":1,"minecraft:spruce_log":5,"minecraft:dirt":1,"iceandfire:dragon_skull_ice":1,"minecraft:rotten_flesh":1,"minecraft:wheat_seeds":1,"minecraft:snowball":73,"minecraft:cobblestone":2},"minecraft:mined":{"minecraft:spruce_log":5,"minecraft:crafting_table":1,"minecraft:grass":4,"minecraft:dirt":1,"minecraft:cobblestone":3,"minecraft:fern":1}},"DataVersion":2975}