{"stats":{"minecraft:dropped":{"minecraft:bread":4,"minecraft:brown_mushroom":1,"minecraft:wheat_seeds":4,"minecraft:torch":2,"tombstone:grave_key":2,"tombstone:grave_dust":1,"minecraft:bone_meal":1,"minecraft:iron_pickaxe":1,"minecraft:stone_axe":2,"minecraft:white_bed":1,"minecraft:shield":1,"minecraft:wooden_pickaxe":3},"minecraft:used":{"minecraft:chest":1,"minecraft:shield":4,"minecraft:stone_hoe":28,"minecraft:rotten_flesh":1,"minecraft:dirt":14,"minecraft:carrot":37,"minecraft:snowball":61,"minecraft:wooden_axe":5,"minecraft:smooth_basalt":1,"minecraft:sweet_berries":18,"minecraft:oak_sapling":2,"minecraft:furnace":3,"minecraft:beetroot_seeds":3,"tombstone:gift":5,"minecraft:egg":1,"minecraft:cobbled_deepslate":28,"minecraft:wheat_seeds":66,"minecraft:water_bucket":38,"minecraft:stone_pickaxe":85,"minecraft:wooden_pickaxe":25,"minecraft:composter":1,"minecraft:glow_berries":16,"minecraft:crafting_table":7,"minecraft:white_bed":1,"minecraft:wooden_hoe":57,"minecraft:bread":19,"minecraft:iron_pickaxe":186,"tombstone:magic_scroll":1,"tombstone:grave_key":13,"minecraft:gravel":1,"minecraft:stone_axe":138,"tombstone:familiar_stone":1,"minecraft:cobblestone":103,"minecraft:bucket":39,"minecraft:oak_boat":2,"minecraft:coarse_dirt":24,"minecraft:bone_meal":61},"minecraft:broken":{"minecraft:leather_helmet":1,"minecraft:leather_boots":1,"minecraft:stone_axe":1,"minecraft:wooden_hoe":1},"minecraft:killed_by":{"minecraft:player":3,"minecraft:creeper":1,"alexsmobs:centipede_head":1,"minecraft:skeleton":4,"minecraft:zombie":5},"minecraft:crafted":{"minecraft:oak_planks":8,"minecraft:furnace":2,"minecraft:bone_meal":60,"minecraft:spruce_slab":12,"minecraft:stone_pickaxe":1,"minecraft:chest":1,"minecraft:stone_hoe":1,"minecraft:wheat":45,"minecraft:crafting_table":2,"minecraft:spruce_planks":44,"minecraft:wooden_pickaxe":1,"minecraft:bucket":1,"minecraft:birch_planks":12,"minecraft:stone_axe":3,"minecraft:bread":22,"minecraft:air":0,"minecraft:oak_boat":1,"minecraft:wooden_hoe":1,"minecraft:charcoal":11,"minecraft:shield":2,"minecraft:stick":28,"minecraft:iron_pickaxe":2,"minecraft:iron_ingot":11,"minecraft:wooden_axe":1,"minecraft:gold_ingot":14,"minecraft:composter":1},"minecraft:killed":{"minecraft:cave_spider":1,"minecraft:spider":4,"minecraft:skeleton":10,"alexsmobs:centipede_head":1,"minecraft:creeper":1,"minecraft:zombie":11},"minecraft:custom":{"minecraft:mob_kills":30,"minecraft:interact_with_crafting_table":44,"minecraft:damage_dealt_resisted":55,"minecraft:leave_game":3,"minecraft:time_since_death":9615,"minecraft:sprint_one_cm":261025,"minecraft:walk_one_cm":214600,"minecraft:damage_blocked_by_shield":115,"minecraft:drop":23,"minecraft:play_time":132040,"minecraft:deaths":19,"minecraft:sneak_time":7552,"minecraft:walk_under_water_one_cm":19530,"minecraft:boat_one_cm":2811,"minecraft:jump":3627,"minecraft:walk_on_water_one_cm":20995,"minecraft:total_world_time":132040,"minecraft:interact_with_furnace":35,"minecraft:sleep_in_bed":1,"minecraft:time_since_rest":9638,"minecraft:damage_taken":5995,"minecraft:damage_dealt":7721,"minecraft:swim_one_cm":43084,"minecraft:fly_one_cm":577796,"minecraft:player_kills":4,"minecraft:open_chest":30,"minecraft:crouch_one_cm":17271,"tombstone:undead_killed":21,"minecraft:fall_one_cm":116239},"minecraft:picked_up":{"minecraft:wooden_axe":1,"minecraft:crafting_table":5,"minecraft:coarse_dirt":41,"minecraft:wheat":22,"minecraft:brown_mushroom":1,"minecraft:wooden_pickaxe":2,"tombstone:grave_key":2,"minecraft:string":5,"minecraft:beetroot":1,"minecraft:cobbled_deepslate":47,"iceandfire:frost_lily":1,"minecraft:oak_boat":2,"minecraft:calcite":37,"minecraft:birch_sapling":1,"minecraft:egg":1,"minecraft:furnace":1,"minecraft:raw_iron":43,"iceandfire:silver_ore":1,"tombstone:grave_dust":5,"minecraft:pointed_dripstone":8,"minecraft:carrot":29,"iceandfire:dragon_skull_ice":1,"minecraft:arrow":14,"minecraft:rotten_flesh":6,"minecraft:beetroot_seeds":3,"minecraft:hay_block":5,"minecraft:snowball":73,"minecraft:cobblestone":114,"minecraft:birch_log":18,"minecraft:glow_ink_sac":3,"minecraft:birch_planks":26,"paraglider:spirit_orb":2,"minecraft:flint":1,"minecraft:oak_log":2,"minecraft:gunpowder":1,"minecraft:lapis_lazuli":13,"minecraft:stripped_birch_log":3,"minecraft:dirt":17,"minecraft:leather_boots":1,"minecraft:bone":15,"minecraft:stonecutter":1,"minecraft:bow":1,"minecraft:wheat_seeds":73,"minecraft:raw_gold":14,"minecraft:iron_ingot":1,"minecraft:fletching_table":1,"minecraft:smooth_basalt":1,"minecraft:sweet_berries":26,"minecraft:gravel":8,"minecraft:white_bed":4,"minecraft:spruce_log":11,"minecraft:spider_eye":1,"minecraft:leather_helmet":1,"tombstone:familiar_stone":1,"minecraft:diamond":8,"minecraft:stone_axe":1,"minecraft:granite":5,"minecraft:bone_meal":2,"minecraft:bread":1,"tombstone:magic_scroll":1,"minecraft:coal":2},"minecraft:mined":{"minecraft:white_bed":4,"minecraft:farmland":5,"iceandfire:silver_ore":1,"minecraft:deepslate_diamond_ore":8,"minecraft:stripped_birch_log":3,"minecraft:granite":4,"minecraft:grass_block":2,"minecraft:spawner":1,"minecraft:large_fern":39,"minecraft:hay_block":2,"minecraft:furnace":1,"minecraft:carrots":9,"minecraft:iron_ore":17,"minecraft:fletching_table":1,"minecraft:deepslate_lapis_ore":2,"minecraft:pointed_dripstone":4,"minecraft:deepslate_iron_ore":26,"iceandfire:frost_lily":1,"minecraft:stone":105,"minecraft:brown_mushroom":1,"minecraft:crafting_table":5,"minecraft:calcite":33,"minecraft:cobblestone":10,"minecraft:deepslate_gold_ore":14,"minecraft:coarse_dirt":12,"minecraft:birch_log":18,"minecraft:wheat":28,"minecraft:sweet_berry_bush":5,"minecraft:spruce_log":11,"minecraft:birch_leaves":1,"minecraft:grass":15,"minecraft:oak_log":2,"minecraft:coal_ore":3,"minecraft:beetroots":2,"minecraft:gravel":5,"minecraft:dripstone_block":1,"minecraft:dirt":7,"minecraft:smooth_basalt":1,"minecraft:stonecutter":1,"minecraft:oak_leaves":2,"minecraft:deepslate":34,"minecraft:fern":26}},"DataVersion":2975}