{"stats":{"minecraft:dropped":{"minecraft:iron_ingot":9,"minecraft:bread":4,"minecraft:iron_sword":2,"minecraft:brown_mushroom":2,"minecraft:wheat_seeds":4,"minecraft:iron_helmet":1,"minecraft:cobblestone":1,"minecraft:spruce_button":1,"minecraft:wooden_hoe":2,"minecraft:torch":2,"tombstone:grave_key":2,"minecraft:diamond_helmet":1,"minecraft:iron_leggings":1,"tombstone:grave_dust":1,"minecraft:bone_meal":2,"minecraft:iron_pickaxe":1,"minecraft:white_wool":2,"minecraft:stone_axe":2,"minecraft:obsidian":3,"minecraft:iron_boots":7,"minecraft:oak_planks":1,"minecraft:white_bed":1,"minecraft:leather_chestplate":1,"minecraft:shield":1,"minecraft:bow":3,"minecraft:diamond_boots":1,"minecraft:spruce_log":27,"minecraft:wooden_pickaxe":3},"minecraft:used":{"minecraft:chest":1,"minecraft:shield":19,"minecraft:stone_hoe":28,"minecraft:rotten_flesh":1,"minecraft:torch":1,"minecraft:dirt":14,"minecraft:carrot":41,"minecraft:snowball":61,"minecraft:wooden_axe":5,"minecraft:birch_sapling":1,"minecraft:smooth_basalt":1,"minecraft:sweet_berries":18,"minecraft:oak_sapling":2,"minecraft:furnace":6,"minecraft:beetroot_seeds":3,"tombstone:gift":5,"minecraft:egg":1,"minecraft:cooked_beef":12,"minecraft:cobbled_deepslate":84,"minecraft:calcite":70,"minecraft:wheat_seeds":72,"minecraft:cooked_mutton":1,"minecraft:water_bucket":73,"minecraft:stone_pickaxe":85,"minecraft:oak_planks":1,"minecraft:wooden_pickaxe":25,"minecraft:composter":1,"minecraft:diamond_axe":74,"minecraft:glow_berries":16,"minecraft:crafting_table":14,"magistuarmory:diamond_zweihander":6,"minecraft:cod":1,"minecraft:white_bed":1,"minecraft:oak_log":1,"minecraft:wooden_hoe":88,"minecraft:diamond_pickaxe":455,"minecraft:bread":26,"minecraft:iron_pickaxe":239,"tombstone:magic_scroll":1,"tombstone:grave_key":18,"minecraft:gravel":3,"minecraft:stone_axe":150,"tombstone:familiar_stone":1,"minecraft:cobblestone":126,"minecraft:bucket":74,"minecraft:oak_boat":2,"minecraft:coarse_dirt":34,"minecraft:bone_meal":61},"minecraft:broken":{"minecraft:leather_helmet":1,"minecraft:leather_boots":1,"minecraft:stone_axe":2,"minecraft:iron_pickaxe":1,"minecraft:wooden_hoe":1},"minecraft:killed_by":{"minecraft:player":3,"minecraft:creeper":1,"betteranimalsplus:shark":1,"alexsmobs:centipede_head":1,"minecraft:skeleton":5,"minecraft:zombie":7,"iceandfire:fire_dragon":1},"minecraft:crafted":{"minecraft:oak_planks":8,"minecraft:spruce_button":1,"minecraft:cooked_chicken":1,"minecraft:furnace":3,"minecraft:bone_meal":60,"minecraft:cooked_mutton":9,"minecraft:flint_and_steel":1,"magistuarmory:diamond_zweihander":1,"magistuarmory:hilt":2,"minecraft:diamond_helmet":2,"minecraft:diamond_leggings":1,"minecraft:spruce_slab":12,"minecraft:stone_pickaxe":1,"minecraft:chest":2,"minecraft:diamond_boots":2,"minecraft:stone_hoe":1,"sophisticatedbackpacks:iron_backpack":1,"minecraft:wheat":45,"minecraft:cooked_beef":23,"magistuarmory:diamond_shortsword":1,"sophisticatedbackpacks:backpack":1,"minecraft:diamond_axe":1,"minecraft:crafting_table":3,"minecraft:spruce_planks":52,"minecraft:wooden_pickaxe":1,"minecraft:hay_block":1,"minecraft:bucket":1,"minecraft:birch_planks":12,"minecraft:stone_axe":3,"minecraft:bread":22,"minecraft:air":0,"minecraft:oak_boat":1,"minecraft:diamond_pickaxe":1,"minecraft:wooden_hoe":2,"minecraft:charcoal":11,"minecraft:shield":2,"minecraft:stick":36,"minecraft:iron_pickaxe":2,"minecraft:iron_ingot":17,"minecraft:wooden_axe":1,"minecraft:gold_ingot":18,"minecraft:composter":1,"minecraft:torch":4,"minecraft:diamond_chestplate":1,"magistuarmory:leather_strip":12},"minecraft:killed":{"minecraft:cave_spider":1,"minecraft:spider":6,"minecraft:skeleton":13,"minecraft:chicken":1,"alexsmobs:centipede_head":1,"betteranimalsplus:eel_saltwater":2,"minecraft:rabbit":1,"minecraft:creeper":2,"minecraft:sheep":7,"minecraft:zombie":17,"alexsmobs:crow":1,"minecraft:cow":10},"minecraft:custom":{"minecraft:mob_kills":65,"minecraft:interact_with_crafting_table":82,"minecraft:open_barrel":1,"minecraft:damage_dealt_resisted":55,"minecraft:leave_game":3,"minecraft:time_since_death":6414,"minecraft:climb_one_cm":1712,"minecraft:sprint_one_cm":487377,"minecraft:walk_one_cm":349542,"minecraft:damage_blocked_by_shield":895,"minecraft:drop":63,"minecraft:play_time":216040,"minecraft:deaths":24,"minecraft:sneak_time":18531,"minecraft:walk_under_water_one_cm":31308,"minecraft:boat_one_cm":2811,"minecraft:jump":6176,"minecraft:walk_on_water_one_cm":32834,"minecraft:total_world_time":216040,"minecraft:interact_with_furnace":72,"minecraft:sleep_in_bed":1,"minecraft:time_since_rest":6439,"minecraft:damage_taken":8237,"minecraft:damage_dealt":13277,"minecraft:swim_one_cm":76220,"minecraft:fly_one_cm":1150595,"minecraft:player_kills":4,"minecraft:open_chest":45,"minecraft:crouch_one_cm":44806,"tombstone:undead_killed":30,"minecraft:fall_one_cm":195765},"minecraft:picked_up":{"minecraft:wooden_axe":1,"minecraft:charcoal":4,"minecraft:crafting_table":11,"minecraft:coarse_dirt":41,"minecraft:wheat":57,"minecraft:chicken":1,"minecraft:brown_mushroom":2,"minecraft:wooden_pickaxe":2,"tombstone:grave_key":2,"minecraft:string":10,"minecraft:beetroot":1,"iceandfire:bestiary":1,"minecraft:gold_nugget":54,"minecraft:cobbled_deepslate":373,"minecraft:spruce_planks":8,"iceandfire:frost_lily":1,"minecraft:beef":23,"minecraft:oak_boat":2,"minecraft:calcite":70,"minecraft:birch_sapling":1,"minecraft:iron_boots":6,"minecraft:egg":1,"minecraft:furnace":4,"minecraft:stick":5,"minecraft:raw_iron":49,"iceandfire:silver_ore":1,"tombstone:grave_dust":6,"minecraft:pointed_dripstone":8,"minecraft:carrot":29,"iceandfire:dragon_skull_ice":1,"minecraft:arrow":20,"minecraft:rotten_flesh":13,"minecraft:beetroot_seeds":3,"minecraft:hay_block":11,"minecraft:obsidian":3,"minecraft:mutton":9,"minecraft:cod":1,"minecraft:white_wool":2,"minecraft:snowball":73,"minecraft:cobblestone":150,"minecraft:birch_log":18,"iceandfire:sea_serpent_fang":1,"minecraft:glow_ink_sac":4,"minecraft:andesite":12,"minecraft:leather":13,"minecraft:potato":1,"minecraft:birch_planks":26,"paraglider:spirit_orb":4,"minecraft:flint":2,"minecraft:tuff":12,"minecraft:oak_log":8,"iceandfire:ectoplasm":6,"minecraft:gunpowder":6,"minecraft:wooden_hoe":1,"minecraft:lapis_lazuli":52,"minecraft:stripped_birch_log":3,"minecraft:dirt":21,"minecraft:leather_boots":1,"minecraft:chipped_anvil":1,"minecraft:bone":32,"minecraft:stonecutter":2,"minecraft:bow":4,"minecraft:wheat_seeds":135,"minecraft:raw_gold":23,"minecraft:grindstone":1,"minecraft:iron_ingot":7,"minecraft:fletching_table":1,"minecraft:iron_sword":2,"minecraft:oak_planks":1,"iceandfire:chared_stone":25,"minecraft:smooth_basalt":1,"minecraft:sweet_berries":40,"minecraft:gravel":20,"minecraft:red_banner":1,"minecraft:blast_furnace":2,"minecraft:white_bed":4,"minecraft:spruce_log":33,"iceandfire:podium_dark_oak":1,"minecraft:spider_eye":1,"minecraft:leather_helmet":1,"iceandfire:chared_cobblestone":23,"betteranimalsplus:eel_meat_raw":2,"tombstone:familiar_stone":1,"minecraft:diamond":56,"iceandfire:lectern":1,"minecraft:stone_axe":1,"minecraft:iron_helmet":1,"minecraft:granite":5,"minecraft:bone_meal":3,"minecraft:spruce_button":1,"minecraft:emerald":3,"minecraft:bread":1,"tombstone:magic_scroll":1,"minecraft:coal":2},"minecraft:mined":{"minecraft:diamond_ore":1,"minecraft:tuff":10,"minecraft:white_bed":4,"minecraft:farmland":5,"iceandfire:silver_ore":1,"minecraft:deepslate_diamond_ore":55,"iceandfire:podium_dark_oak":1,"minecraft:stripped_birch_log":3,"minecraft:granite":4,"minecraft:grass_block":7,"iceandfire:lectern":1,"minecraft:spawner":2,"minecraft:large_fern":67,"minecraft:hay_block":8,"minecraft:furnace":4,"minecraft:carrots":9,"minecraft:cobbled_deepslate":2,"minecraft:iron_ore":17,"minecraft:andesite":5,"minecraft:fletching_table":1,"minecraft:deepslate_lapis_ore":8,"minecraft:potatoes":1,"iceandfire:gold_pile":6,"minecraft:pointed_dripstone":4,"minecraft:deepslate_iron_ore":32,"iceandfire:frost_lily":1,"minecraft:stone":141,"iceandfire:chared_cobblestone":10,"minecraft:brown_mushroom":2,"minecraft:crafting_table":11,"minecraft:blast_furnace":2,"minecraft:emerald_ore":1,"minecraft:calcite":57,"minecraft:tall_grass":1,"minecraft:cobblestone":10,"minecraft:deepslate_gold_ore":23,"minecraft:grindstone":1,"minecraft:coarse_dirt":12,"minecraft:birch_log":18,"minecraft:wheat":57,"minecraft:sweet_berry_bush":11,"minecraft:spruce_log":11,"minecraft:birch_leaves":1,"minecraft:red_wall_banner":1,"minecraft:grass":26,"minecraft:oak_log":8,"minecraft:coal_ore":3,"minecraft:beetroots":2,"minecraft:gravel":7,"minecraft:dripstone_block":1,"minecraft:dirt":7,"minecraft:smooth_basalt":1,"minecraft:stonecutter":2,"minecraft:chipped_anvil":1,"minecraft:oak_leaves":2,"minecraft:deepslate":351,"minecraft:fern":59,"iceandfire:chared_stone":11}},"DataVersion":2975}