{"stats":{"minecraft:dropped":{"minecraft:bread":4,"minecraft:iron_ingot":9,"minecraft:iron_sword":2,"minecraft:brown_mushroom":2,"minecraft:wheat_seeds":4,"minecraft:iron_helmet":1,"minecraft:cobblestone":1,"minecraft:spruce_button":1,"minecraft:wooden_hoe":2,"minecraft:torch":2,"tombstone:grave_key":2,"minecraft:diamond_helmet":1,"tombstone:grave_dust":1,"minecraft:iron_leggings":1,"minecraft:bone_meal":2,"minecraft:iron_pickaxe":1,"minecraft:white_wool":2,"minecraft:stone_axe":2,"minecraft:obsidian":3,"minecraft:oak_planks":1,"minecraft:iron_boots":7,"minecraft:white_bed":1,"minecraft:leather_chestplate":1,"minecraft:shield":1,"minecraft:diamond_boots":1,"minecraft:spruce_log":27,"minecraft:bow":3,"minecraft:wooden_pickaxe":3},"minecraft:used":{"minecraft:flint_and_steel":2,"minecraft:chest":1,"minecraft:shield":20,"minecraft:rotten_flesh":1,"minecraft:stone_hoe":28,"minecraft:netherrack":78,"minecraft:torch":1,"minecraft:dirt":14,"minecraft:carrot":41,"minecraft:snowball":61,"minecraft:obsidian":5,"minecraft:wooden_axe":5,"minecraft:birch_sapling":1,"minecraft:smooth_basalt":1,"minecraft:sweet_berries":18,"minecraft:oak_sapling":2,"minecraft:furnace":6,"minecraft:beetroot_seeds":3,"nethers_exoticism:ramboutan":1,"tombstone:gift":5,"minecraft:egg":1,"minecraft:cooked_beef":19,"minecraft:cobbled_deepslate":158,"minecraft:calcite":70,"minecraft:wheat_seeds":72,"minecraft:cooked_mutton":1,"minecraft:water_bucket":78,"minecraft:stone_pickaxe":85,"minecraft:oak_planks":1,"minecraft:wooden_pickaxe":25,"minecraft:composter":1,"minecraft:diamond_axe":75,"minecraft:glow_berries":16,"minecraft:crafting_table":15,"magistuarmory:diamond_zweihander":49,"minecraft:white_bed":1,"minecraft:cod":1,"minecraft:oak_log":1,"minecraft:wooden_hoe":88,"minecraft:diamond_pickaxe":943,"minecraft:iron_pickaxe":239,"minecraft:bread":28,"tombstone:magic_scroll":1,"tombstone:grave_key":18,"minecraft:gravel":3,"minecraft:stone_axe":150,"tombstone:familiar_stone":1,"minecraft:cobblestone":126,"minecraft:bucket":78,"minecraft:oak_boat":2,"minecraft:coarse_dirt":34,"minecraft:bone_meal":61},"minecraft:broken":{"minecraft:leather_helmet":1,"minecraft:leather_boots":1,"minecraft:stone_axe":2,"minecraft:iron_pickaxe":1,"minecraft:wooden_hoe":1},"minecraft:killed_by":{"minecraft:player":3,"minecraft:creeper":1,"betteranimalsplus:shark":1,"alexsmobs:centipede_head":1,"minecraft:skeleton":5,"minecraft:zombie":7,"iceandfire:fire_dragon":1},"minecraft:crafted":{"minecraft:oak_planks":8,"minecraft:spruce_button":1,"minecraft:cooked_chicken":1,"minecraft:furnace":3,"minecraft:bone_meal":60,"minecraft:cooked_mutton":9,"minecraft:flint_and_steel":1,"magistuarmory:diamond_zweihander":1,"magistuarmory:hilt":2,"minecraft:diamond_helmet":2,"minecraft:diamond_leggings":1,"minecraft:spruce_slab":12,"minecraft:stone_pickaxe":1,"minecraft:chest":2,"minecraft:diamond_boots":2,"minecraft:stone_hoe":1,"sophisticatedbackpacks:iron_backpack":1,"minecraft:wheat":45,"minecraft:cooked_beef":23,"magistuarmory:diamond_shortsword":1,"sophisticatedbackpacks:backpack":1,"minecraft:diamond_axe":1,"minecraft:crafting_table":4,"minecraft:spruce_planks":56,"minecraft:wooden_pickaxe":1,"sophisticatedbackpacks:gold_backpack":1,"minecraft:bucket":1,"minecraft:hay_block":1,"minecraft:birch_planks":12,"minecraft:stone_axe":3,"minecraft:bread":23,"minecraft:air":0,"minecraft:oak_boat":1,"minecraft:wooden_hoe":2,"minecraft:diamond_pickaxe":1,"minecraft:charcoal":11,"minecraft:shield":2,"sophisticatedbackpacks:diamond_backpack":1,"minecraft:stick":36,"minecraft:iron_ingot":17,"minecraft:iron_pickaxe":2,"minecraft:wooden_axe":1,"minecraft:gold_ingot":18,"minecraft:composter":1,"minecraft:torch":4,"magistuarmory:leather_strip":12,"minecraft:diamond_chestplate":1},"minecraft:killed":{"minecraft:cave_spider":1,"minecraft:zombified_piglin":1,"minecraft:spider":6,"minecraft:skeleton":13,"minecraft:chicken":1,"alexsmobs:centipede_head":1,"betteranimalsplus:eel_saltwater":2,"minecraft:piglin_brute":9,"minecraft:rabbit":1,"minecraft:hoglin":1,"minecraft:creeper":2,"minecraft:sheep":7,"minecraft:zombie":18,"alexsmobs:crow":1,"minecraft:cow":10},"minecraft:custom":{"minecraft:mob_kills":76,"minecraft:interact_with_crafting_table":87,"minecraft:open_barrel":1,"minecraft:damage_dealt_resisted":55,"minecraft:leave_game":3,"minecraft:time_since_death":29402,"minecraft:climb_one_cm":2195,"minecraft:sprint_one_cm":508638,"minecraft:walk_one_cm":384263,"minecraft:damage_blocked_by_shield":955,"minecraft:drop":63,"minecraft:play_time":239028,"minecraft:deaths":24,"minecraft:sneak_time":26584,"minecraft:walk_under_water_one_cm":31308,"minecraft:boat_one_cm":2811,"minecraft:jump":6552,"minecraft:walk_on_water_one_cm":33433,"minecraft:total_world_time":239028,"minecraft:interact_with_furnace":72,"minecraft:sleep_in_bed":1,"minecraft:time_since_rest":29427,"minecraft:damage_taken":9206,"minecraft:damage_dealt":17895,"minecraft:player_kills":4,"minecraft:swim_one_cm":76220,"minecraft:fly_one_cm":1174156,"minecraft:open_chest":49,"minecraft:crouch_one_cm":71058,"tombstone:undead_killed":32,"minecraft:fall_one_cm":206415},"minecraft:picked_up":{"minecraft:wooden_axe":1,"minecraft:charcoal":4,"minecraft:coarse_dirt":41,"minecraft:crafting_table":12,"minecraft:wheat":63,"minecraft:chicken":1,"minecraft:ladder":2,"minecraft:brown_mushroom":2,"minecraft:wooden_pickaxe":2,"tombstone:grave_key":2,"piglin_expansion:basaltic_blackstone":2,"minecraft:string":10,"minecraft:blackstone":5,"minecraft:beetroot":1,"iceandfire:bestiary":1,"minecraft:gold_nugget":63,"minecraft:cobbled_deepslate":449,"minecraft:spruce_planks":8,"iceandfire:frost_lily":1,"minecraft:beef":23,"minecraft:oak_boat":2,"minecraft:calcite":70,"minecraft:birch_sapling":1,"minecraft:furnace":4,"minecraft:iron_boots":6,"minecraft:egg":1,"minecraft:raw_iron":49,"minecraft:stick":5,"iceandfire:silver_ore":1,"piglin_expansion:gilded_basalt_quadratiles":2,"minecraft:polished_blackstone_bricks":1,"minecraft:pointed_dripstone":8,"tombstone:grave_dust":7,"minecraft:carrot":29,"iceandfire:dragon_skull_ice":1,"minecraft:arrow":20,"minecraft:rotten_flesh":13,"minecraft:beetroot_seeds":3,"minecraft:hay_block":11,"minecraft:obsidian":11,"minecraft:mutton":9,"minecraft:cod":1,"minecraft:snowball":73,"minecraft:white_wool":2,"minecraft:cobblestone":150,"minecraft:birch_log":18,"nethers_exoticism:ramboutan":2,"minecraft:magma_block":7,"iceandfire:sea_serpent_fang":1,"minecraft:glow_ink_sac":4,"minecraft:andesite":12,"minecraft:leather":13,"minecraft:potato":1,"minecraft:birch_planks":26,"paraglider:spirit_orb":6,"minecraft:flint":2,"minecraft:tuff":30,"minecraft:oak_log":8,"iceandfire:ectoplasm":6,"minecraft:gunpowder":6,"minecraft:wooden_hoe":1,"minecraft:lapis_lazuli":52,"minecraft:stripped_birch_log":3,"minecraft:dirt":21,"piglin_expansion:basalt_quadratiles":2,"minecraft:leather_boots":1,"minecraft:bone":32,"minecraft:chipped_anvil":1,"minecraft:bow":4,"minecraft:stonecutter":2,"minecraft:wheat_seeds":135,"minecraft:raw_gold":23,"minecraft:grindstone":1,"minecraft:iron_ingot":7,"minecraft:fletching_table":1,"minecraft:soul_sand":19,"minecraft:iron_sword":2,"minecraft:oak_planks":1,"iceandfire:chared_stone":25,"minecraft:smooth_basalt":1,"piglin_expansion:basaltic_blackstone_slab":3,"minecraft:sweet_berries":40,"minecraft:quartz":4,"minecraft:gravel":20,"minecraft:red_banner":1,"minecraft:blast_furnace":2,"minecraft:white_bed":4,"minecraft:spruce_log":33,"iceandfire:podium_dark_oak":1,"minecraft:spider_eye":1,"minecraft:leather_helmet":1,"iceandfire:chared_cobblestone":23,"betteranimalsplus:eel_meat_raw":2,"tombstone:familiar_stone":1,"minecraft:diamond":56,"minecraft:stone_axe":1,"iceandfire:lectern":1,"minecraft:iron_helmet":1,"minecraft:granite":5,"minecraft:bone_meal":3,"minecraft:spruce_button":1,"minecraft:emerald":3,"minecraft:bread":1,"tombstone:magic_scroll":1,"minecraft:netherrack":363,"minecraft:coal":2},"minecraft:mined":{"minecraft:diamond_ore":1,"minecraft:tuff":27,"minecraft:white_bed":4,"piglin_expansion:basaltic_blackstone":1,"minecraft:farmland":5,"iceandfire:silver_ore":1,"minecraft:deepslate_diamond_ore":55,"iceandfire:podium_dark_oak":1,"minecraft:stripped_birch_log":3,"minecraft:obsidian":6,"piglin_expansion:basaltic_blackstone_slab":2,"minecraft:ladder":2,"minecraft:granite":4,"minecraft:grass_block":7,"iceandfire:lectern":1,"minecraft:spawner":3,"minecraft:large_fern":67,"minecraft:hay_block":8,"minecraft:polished_blackstone_bricks":1,"minecraft:magma_block":7,"minecraft:furnace":4,"minecraft:carrots":9,"minecraft:iron_ore":17,"piglin_expansion:gilded_basalt_quadratiles":2,"minecraft:fire":2,"minecraft:cobbled_deepslate":14,"minecraft:andesite":5,"piglin_expansion:basalt_quadratiles":2,"minecraft:deepslate_lapis_ore":8,"minecraft:fletching_table":1,"minecraft:potatoes":1,"minecraft:pointed_dripstone":4,"iceandfire:gold_pile":6,"minecraft:deepslate_iron_ore":32,"iceandfire:frost_lily":1,"minecraft:stone":141,"iceandfire:chared_cobblestone":10,"minecraft:brown_mushroom":2,"minecraft:blackstone":6,"nethers_exoticism:ramboutan_block":3,"minecraft:soul_fire":2,"minecraft:crafting_table":12,"minecraft:blast_furnace":2,"minecraft:emerald_ore":1,"minecraft:calcite":57,"minecraft:nether_quartz_ore":2,"minecraft:tall_grass":1,"minecraft:cobblestone":10,"minecraft:deepslate_gold_ore":23,"minecraft:grindstone":1,"minecraft:coarse_dirt":12,"minecraft:birch_log":18,"minecraft:wheat":57,"minecraft:sweet_berry_bush":11,"minecraft:spruce_log":11,"minecraft:birch_leaves":1,"minecraft:red_wall_banner":1,"minecraft:grass":26,"minecraft:coal_ore":3,"minecraft:oak_log":8,"minecraft:beetroots":2,"minecraft:gravel":7,"minecraft:dirt":7,"minecraft:dripstone_block":1,"minecraft:smooth_basalt":1,"minecraft:stonecutter":2,"minecraft:netherrack":367,"minecraft:chipped_anvil":1,"minecraft:deepslate":409,"minecraft:oak_leaves":2,"minecraft:fern":59,"iceandfire:chared_stone":11}},"DataVersion":2975}