{"stats":{"minecraft:dropped":{"minecraft:bread":4,"minecraft:stone_axe":1,"minecraft:wheat_seeds":1,"minecraft:white_bed":1,"minecraft:shield":1,"tombstone:grave_dust":1,"minecraft:bone_meal":1,"minecraft:wooden_pickaxe":3,"minecraft:iron_pickaxe":1},"minecraft:used":{"minecraft:wheat_seeds":11,"minecraft:water_bucket":9,"minecraft:stone_pickaxe":67,"minecraft:chest":1,"minecraft:wooden_pickaxe":25,"minecraft:shield":3,"minecraft:rotten_flesh":1,"minecraft:dirt":14,"minecraft:crafting_table":6,"minecraft:white_bed":1,"minecraft:snowball":61,"minecraft:wooden_axe":5,"minecraft:wooden_hoe":32,"minecraft:bread":11,"minecraft:iron_pickaxe":139,"tombstone:familiar_stone":1,"tombstone:grave_key":10,"minecraft:stone_axe":55,"minecraft:cobblestone":102,"minecraft:furnace":3,"minecraft:bucket":10,"tombstone:gift":4,"minecraft:oak_boat":2,"minecraft:cobbled_deepslate":8},"minecraft:broken":{"minecraft:leather_helmet":1},"minecraft:killed_by":{"minecraft:player":3,"alexsmobs:centipede_head":1,"minecraft:skeleton":1,"minecraft:zombie":5},"minecraft:crafted":{"minecraft:oak_planks":8,"minecraft:crafting_table":1,"minecraft:spruce_planks":20,"minecraft:wooden_pickaxe":1,"minecraft:furnace":2,"minecraft:bucket":1,"minecraft:stone_axe":2,"minecraft:bread":15,"minecraft:air":0,"minecraft:oak_boat":1,"minecraft:wooden_hoe":1,"minecraft:charcoal":5,"minecraft:shield":2,"minecraft:chest":1,"minecraft:stick":20,"minecraft:iron_ingot":11,"minecraft:stone_pickaxe":1,"minecraft:iron_pickaxe":2,"minecraft:wooden_axe":1,"minecraft:gold_ingot":5,"minecraft:wheat":45},"minecraft:killed":{"minecraft:cave_spider":1,"minecraft:spider":2,"minecraft:skeleton":2,"minecraft:zombie":7,"alexsmobs:centipede_head":1},"minecraft:custom":{"minecraft:interact_with_furnace":19,"minecraft:mob_kills":15,"minecraft:interact_with_crafting_table":31,"minecraft:leave_game":1,"minecraft:time_since_death":5682,"minecraft:sleep_in_bed":1,"minecraft:time_since_rest":5729,"minecraft:sprint_one_cm":147358,"minecraft:damage_taken":3935,"minecraft:walk_one_cm":118126,"minecraft:damage_blocked_by_shield":75,"minecraft:drop":14,"minecraft:damage_dealt":4209,"minecraft:player_kills":2,"minecraft:swim_one_cm":40731,"minecraft:fly_one_cm":315338,"tombstone:undead_killed":9,"minecraft:open_chest":4,"minecraft:play_time":72580,"minecraft:crouch_one_cm":8456,"minecraft:deaths":12,"minecraft:sneak_time":4109,"minecraft:walk_under_water_one_cm":14946,"minecraft:boat_one_cm":2811,"minecraft:jump":2006,"minecraft:walk_on_water_one_cm":11918,"minecraft:total_world_time":72580,"minecraft:fall_one_cm":58237},"minecraft:picked_up":{"minecraft:wooden_axe":1,"minecraft:coarse_dirt":16,"minecraft:crafting_table":5,"minecraft:wooden_pickaxe":2,"minecraft:birch_planks":26,"minecraft:flint":1,"minecraft:oak_log":2,"minecraft:lapis_lazuli":13,"minecraft:string":4,"minecraft:dirt":14,"minecraft:bone":3,"minecraft:stonecutter":1,"minecraft:wheat_seeds":12,"minecraft:cobbled_deepslate":36,"minecraft:raw_gold":12,"minecraft:iron_ingot":1,"minecraft:oak_boat":2,"minecraft:calcite":21,"minecraft:fletching_table":1,"minecraft:furnace":1,"minecraft:raw_iron":18,"iceandfire:silver_ore":1,"minecraft:gravel":7,"minecraft:carrot":1,"minecraft:white_bed":4,"minecraft:spruce_log":5,"minecraft:spider_eye":1,"minecraft:leather_helmet":1,"iceandfire:dragon_skull_ice":1,"minecraft:rotten_flesh":2,"tombstone:familiar_stone":1,"minecraft:beetroot_seeds":1,"minecraft:hay_block":5,"minecraft:granite":5,"minecraft:bone_meal":1,"minecraft:bread":1,"minecraft:snowball":73,"minecraft:coal":2,"minecraft:cobblestone":113},"minecraft:mined":{"minecraft:white_bed":4,"minecraft:farmland":4,"iceandfire:silver_ore":1,"minecraft:crafting_table":5,"minecraft:granite":4,"minecraft:calcite":21,"minecraft:grass_block":2,"minecraft:cobblestone":10,"minecraft:deepslate_gold_ore":12,"minecraft:large_fern":14,"minecraft:hay_block":2,"minecraft:furnace":1,"minecraft:carrots":1,"minecraft:iron_ore":8,"minecraft:wheat":4,"minecraft:spruce_log":5,"minecraft:fletching_table":1,"minecraft:deepslate_lapis_ore":2,"minecraft:grass":12,"minecraft:oak_log":2,"minecraft:coal_ore":3,"minecraft:beetroots":1,"minecraft:deepslate_iron_ore":10,"minecraft:dirt":5,"minecraft:gravel":4,"minecraft:dripstone_block":1,"minecraft:stonecutter":1,"minecraft:stone":104,"minecraft:oak_leaves":2,"minecraft:deepslate":23,"minecraft:fern":17}},"DataVersion":2975}