{"stats":{"minecraft:dropped":{"minecraft:iron_sword":2,"minecraft:brown_mushroom":2,"minecraft:crimson_roots":2,"minecraft:bone_meal":2,"minecraft:iron_pickaxe":1,"minecraft:white_wool":2,"minecraft:gold_ingot":163,"minecraft:stone_axe":2,"minecraft:iron_nugget":10,"minecraft:obsidian":3,"minecraft:oak_planks":1,"minecraft:white_bed":1,"minecraft:leather_chestplate":1,"minecraft:netherrack":113,"minecraft:iron_ingot":9,"minecraft:bread":4,"minecraft:wheat_seeds":4,"minecraft:iron_helmet":1,"minecraft:cobblestone":1,"minecraft:spruce_button":1,"minecraft:torch":2,"minecraft:wooden_hoe":2,"tombstone:grave_key":2,"minecraft:diamond_helmet":1,"tombstone:grave_dust":1,"minecraft:iron_leggings":1,"minecraft:iron_boots":7,"minecraft:shield":1,"minecraft:diamond_boots":1,"minecraft:spruce_log":27,"minecraft:bow":3,"minecraft:wooden_pickaxe":3},"minecraft:used":{"minecraft:chest":1,"minecraft:shield":20,"minecraft:rotten_flesh":1,"minecraft:carrot":41,"minecraft:snowball":61,"minecraft:obsidian":5,"minecraft:birch_sapling":1,"minecraft:sweet_berries":18,"minecraft:furnace":7,"minecraft:oak_sapling":2,"minecraft:beetroot_seeds":3,"nethers_exoticism:ramboutan":4,"minecraft:egg":1,"minecraft:stone_pickaxe":85,"minecraft:oak_planks":1,"minecraft:wooden_pickaxe":25,"minecraft:composter":1,"minecraft:diamond_axe":75,"minecraft:glow_berries":16,"minecraft:bread":34,"tombstone:grave_key":21,"minecraft:gravel":3,"tombstone:familiar_stone":1,"minecraft:oak_boat":2,"minecraft:coarse_dirt":34,"minecraft:bone_meal":61,"minecraft:flint_and_steel":2,"minecraft:stone_hoe":28,"minecraft:netherrack":271,"minecraft:torch":1,"minecraft:dirt":14,"minecraft:wooden_axe":5,"minecraft:smooth_basalt":1,"tombstone:gift":5,"minecraft:cooked_beef":23,"minecraft:cobbled_deepslate":214,"minecraft:calcite":70,"minecraft:wheat_seeds":72,"minecraft:cooked_mutton":6,"minecraft:water_bucket":78,"minecraft:glass_bottle":1,"minecraft:crafting_table":16,"magistuarmory:diamond_zweihander":98,"minecraft:white_bed":1,"minecraft:cod":1,"minecraft:oak_log":1,"minecraft:wooden_hoe":88,"minecraft:diamond_pickaxe":987,"minecraft:iron_pickaxe":239,"tombstone:magic_scroll":1,"minecraft:stone_axe":150,"minecraft:cobblestone":126,"minecraft:potion":1,"minecraft:bucket":78},"minecraft:broken":{"minecraft:stone_axe":2,"minecraft:leather_helmet":1,"minecraft:leather_boots":1,"minecraft:iron_pickaxe":1,"minecraft:wooden_hoe":1},"minecraft:crafted":{"minecraft:oak_planks":8,"minecraft:cooked_chicken":1,"minecraft:cooked_mutton":9,"magistuarmory:diamond_zweihander":1,"minecraft:diamond_leggings":1,"minecraft:diamond_helmet":2,"minecraft:chest":2,"minecraft:stone_hoe":1,"magistuarmory:diamond_shortsword":1,"sophisticatedbackpacks:backpack":1,"minecraft:diamond_axe":1,"minecraft:crafting_table":4,"minecraft:spruce_planks":56,"minecraft:wooden_pickaxe":1,"minecraft:hay_block":1,"minecraft:birch_planks":12,"minecraft:wooden_hoe":2,"minecraft:charcoal":11,"minecraft:diamond_pickaxe":1,"minecraft:shield":2,"sophisticatedbackpacks:diamond_backpack":1,"minecraft:stick":36,"minecraft:iron_pickaxe":2,"minecraft:iron_ingot":28,"minecraft:gold_ingot":18,"minecraft:composter":1,"magistuarmory:leather_strip":12,"minecraft:spruce_button":1,"minecraft:furnace":3,"minecraft:bone_meal":60,"minecraft:flint_and_steel":1,"magistuarmory:hilt":2,"minecraft:spruce_slab":12,"minecraft:stone_pickaxe":1,"minecraft:diamond_boots":2,"minecraft:wheat":45,"sophisticatedbackpacks:iron_backpack":1,"minecraft:cooked_beef":23,"sophisticatedbackpacks:gold_backpack":1,"minecraft:bucket":1,"minecraft:stone_axe":3,"minecraft:air":0,"minecraft:bread":23,"minecraft:oak_boat":1,"minecraft:wooden_axe":1,"minecraft:torch":4,"minecraft:diamond_chestplate":1},"minecraft:killed_by":{"minecraft:ghast":1,"minecraft:piglin_brute":3,"minecraft:creeper":1,"minecraft:zombie":7,"iceandfire:fire_dragon":1,"minecraft:player":3,"betteranimalsplus:shark":1,"alexsmobs:centipede_head":1,"minecraft:skeleton":5},"minecraft:killed":{"minecraft:cave_spider":1,"minecraft:zombified_piglin":5,"minecraft:spider":6,"minecraft:skeleton":13,"minecraft:chicken":1,"alexsmobs:centipede_head":1,"minecraft:piglin_brute":13,"minecraft:magma_cube":2,"minecraft:piglin":6,"minecraft:creeper":2,"minecraft:sheep":7,"minecraft:zombie":18,"minecraft:ghast":1,"minecraft:cow":10,"betteranimalsplus:eel_saltwater":2,"minecraft:rabbit":1,"minecraft:hoglin":3,"alexsmobs:crow":1},"minecraft:custom":{"minecraft:interact_with_crafting_table":90,"minecraft:open_barrel":1,"minecraft:leave_game":4,"minecraft:time_since_death":781,"minecraft:sprint_one_cm":583832,"minecraft:damage_blocked_by_shield":955,"minecraft:drop":162,"minecraft:play_time":274031,"minecraft:deaths":28,"minecraft:jump":7413,"minecraft:walk_on_water_one_cm":33433,"minecraft:interact_with_furnace":75,"minecraft:sleep_in_bed":1,"minecraft:damage_dealt":22322,"minecraft:player_kills":4,"minecraft:crouch_one_cm":87546,"tombstone:undead_killed":36,"minecraft:mob_kills":99,"minecraft:damage_dealt_resisted":55,"minecraft:climb_one_cm":5517,"minecraft:walk_one_cm":456875,"minecraft:sneak_time":32106,"minecraft:walk_under_water_one_cm":31308,"minecraft:boat_one_cm":2811,"minecraft:total_world_time":274031,"minecraft:time_since_rest":804,"minecraft:damage_taken":11369,"minecraft:swim_one_cm":76220,"minecraft:fly_one_cm":1276843,"minecraft:open_chest":63,"minecraft:fall_one_cm":234314},"minecraft:picked_up":{"minecraft:wooden_axe":1,"minecraft:wheat":63,"minecraft:potion":5,"minecraft:nether_brick":51,"tombstone:grave_key":2,"minecraft:brewing_stand":1,"minecraft:golden_sword":1,"piglin_expansion:basaltic_blackstone":2,"minecraft:string":22,"minecraft:beetroot":1,"minecraft:gold_nugget":66,"minecraft:cobbled_deepslate":449,"iceandfire:frost_lily":1,"minecraft:spruce_planks":8,"minecraft:calcite":70,"minecraft:iron_boots":7,"minecraft:furnace":4,"minecraft:stick":5,"piglin_expansion:gilded_basalt_quadratiles":2,"iceandfire:silver_ore":1,"minecraft:porkchop":8,"tombstone:grave_dust":9,"minecraft:pointed_dripstone":8,"minecraft:rotten_flesh":13,"minecraft:obsidian":20,"minecraft:cod":1,"minecraft:snowball":73,"minecraft:cobblestone":150,"nethers_exoticism:ramboutan":5,"minecraft:birch_log":18,"minecraft:magma_block":7,"minecraft:andesite":12,"minecraft:potato":1,"paraglider:spirit_orb":10,"minecraft:flint":2,"minecraft:tuff":30,"minecraft:lapis_lazuli":52,"minecraft:dirt":21,"minecraft:stripped_birch_log":3,"piglin_expansion:basalt_quadratiles":4,"minecraft:leather_boots":1,"minecraft:bone":32,"minecraft:chipped_anvil":1,"minecraft:stonecutter":2,"minecraft:bow":4,"minecraft:wheat_seeds":135,"minecraft:raw_gold":23,"minecraft:grindstone":1,"minecraft:fletching_table":1,"minecraft:oak_planks":1,"nethers_exoticism:bouddha_s_hand":3,"piglin_expansion:basaltic_blackstone_slab":3,"iceandfire:podium_dark_oak":1,"minecraft:spectral_arrow":62,"iceandfire:chared_cobblestone":23,"tombstone:familiar_stone":1,"minecraft:diamond":56,"iceandfire:lectern":1,"minecraft:soul_lantern":1,"minecraft:cracked_polished_blackstone_bricks":1,"minecraft:granite":5,"minecraft:bone_meal":3,"minecraft:bread":1,"minecraft:spruce_button":1,"minecraft:emerald":3,"minecraft:netherrack":384,"minecraft:crimson_roots":2,"minecraft:crafting_table":12,"minecraft:charcoal":4,"minecraft:coarse_dirt":41,"minecraft:chicken":1,"minecraft:ladder":6,"minecraft:brown_mushroom":2,"minecraft:wooden_pickaxe":2,"minecraft:gold_block":12,"minecraft:chain":1,"alexsmobs:pigshoes":3,"minecraft:blackstone":87,"iceandfire:bestiary":1,"minecraft:beef":23,"minecraft:oak_boat":2,"minecraft:iron_nugget":90,"minecraft:birch_sapling":1,"minecraft:egg":1,"minecraft:raw_iron":49,"minecraft:polished_blackstone_bricks":10,"minecraft:fire_charge":4,"minecraft:carrot":29,"iceandfire:dragon_skull_ice":1,"minecraft:arrow":20,"minecraft:beetroot_seeds":3,"minecraft:nether_bricks":2,"minecraft:hay_block":11,"minecraft:gold_ingot":156,"paraglider:horned_statue":1,"minecraft:mutton":9,"minecraft:white_wool":2,"minecraft:basalt":1,"iceandfire:sea_serpent_fang":1,"minecraft:glow_ink_sac":4,"minecraft:leather":22,"minecraft:birch_planks":26,"minecraft:oak_log":8,"iceandfire:ectoplasm":6,"minecraft:gunpowder":7,"minecraft:wooden_hoe":1,"minecraft:iron_ingot":7,"minecraft:iron_sword":2,"minecraft:soul_sand":41,"iceandfire:chared_stone":25,"minecraft:smooth_basalt":1,"minecraft:sweet_berries":40,"minecraft:quartz":32,"minecraft:gravel":76,"minecraft:red_banner":1,"minecraft:blast_furnace":2,"minecraft:white_bed":4,"minecraft:spruce_log":33,"minecraft:crying_obsidian":3,"minecraft:spider_eye":1,"minecraft:leather_helmet":1,"betteranimalsplus:eel_meat_raw":2,"minecraft:stone_axe":1,"minecraft:iron_helmet":1,"tombstone:magic_scroll":1,"minecraft:coal":2,"minecraft:ender_pearl":4},"minecraft:mined":{"minecraft:white_bed":4,"minecraft:farmland":5,"iceandfire:podium_dark_oak":1,"minecraft:brewing_stand":1,"piglin_expansion:basaltic_blackstone_slab":2,"minecraft:obsidian":6,"minecraft:granite":4,"minecraft:grass_block":7,"minecraft:cracked_polished_blackstone_bricks":2,"iceandfire:lectern":1,"minecraft:spawner":4,"minecraft:polished_blackstone_bricks":11,"minecraft:magma_block":7,"minecraft:cobbled_deepslate":14,"minecraft:fire":3,"minecraft:iron_ore":17,"minecraft:fletching_table":1,"minecraft:deepslate_lapis_ore":8,"piglin_expansion:basalt_quadratiles":2,"minecraft:pointed_dripstone":4,"iceandfire:gold_pile":6,"iceandfire:chared_cobblestone":10,"minecraft:brown_mushroom":2,"minecraft:blackstone":6,"nethers_exoticism:ramboutan_block":7,"minecraft:soul_fire":2,"minecraft:blast_furnace":2,"minecraft:calcite":57,"minecraft:nether_quartz_ore":2,"minecraft:cobblestone":10,"minecraft:grindstone":1,"paraglider:horned_statue":1,"minecraft:birch_log":18,"minecraft:wheat":57,"minecraft:grass":26,"minecraft:oak_log":8,"minecraft:beetroots":2,"minecraft:dirt":7,"nethers_exoticism:bouddha_s_hand_block":2,"minecraft:smooth_basalt":1,"minecraft:stonecutter":2,"minecraft:netherrack":380,"minecraft:oak_leaves":2,"minecraft:deepslate":409,"iceandfire:chared_stone":11,"minecraft:diamond_ore":1,"minecraft:tuff":27,"iceandfire:silver_ore":1,"piglin_expansion:basaltic_blackstone":1,"minecraft:deepslate_diamond_ore":55,"minecraft:stripped_birch_log":3,"minecraft:nether_bricks":2,"minecraft:ladder":3,"minecraft:crimson_roots":1,"minecraft:large_fern":67,"minecraft:hay_block":8,"minecraft:furnace":4,"minecraft:carrots":9,"piglin_expansion:gilded_basalt_quadratiles":2,"minecraft:andesite":5,"minecraft:gold_block":13,"minecraft:potatoes":1,"minecraft:deepslate_iron_ore":32,"iceandfire:frost_lily":1,"minecraft:stone":141,"minecraft:soul_sand":6,"minecraft:basalt":1,"minecraft:crafting_table":12,"minecraft:emerald_ore":1,"minecraft:tall_grass":1,"minecraft:deepslate_gold_ore":23,"minecraft:coarse_dirt":12,"minecraft:sweet_berry_bush":11,"minecraft:spruce_log":11,"minecraft:birch_leaves":1,"nethers_exoticism:jaboticaba_branch":1,"minecraft:red_wall_banner":1,"minecraft:coal_ore":3,"minecraft:gravel":7,"minecraft:dripstone_block":1,"minecraft:chipped_anvil":1,"minecraft:fern":59}},"DataVersion":2975}