{"stats":{"minecraft:dropped":{"minecraft:bread":4,"minecraft:brown_mushroom":2,"minecraft:wheat_seeds":4,"minecraft:cobblestone":1,"minecraft:wooden_hoe":2,"minecraft:torch":2,"tombstone:grave_key":2,"tombstone:grave_dust":1,"minecraft:bone_meal":1,"minecraft:iron_pickaxe":1,"minecraft:stone_axe":2,"minecraft:oak_planks":1,"minecraft:white_bed":1,"minecraft:shield":1,"minecraft:wooden_pickaxe":3},"minecraft:used":{"minecraft:chest":1,"minecraft:shield":9,"minecraft:stone_hoe":28,"minecraft:rotten_flesh":1,"minecraft:dirt":14,"minecraft:carrot":41,"minecraft:snowball":61,"minecraft:wooden_axe":5,"minecraft:birch_sapling":1,"minecraft:smooth_basalt":1,"minecraft:sweet_berries":18,"minecraft:oak_sapling":2,"minecraft:furnace":4,"minecraft:beetroot_seeds":3,"tombstone:gift":5,"minecraft:egg":1,"minecraft:cooked_beef":4,"minecraft:cobbled_deepslate":28,"minecraft:calcite":70,"minecraft:wheat_seeds":72,"minecraft:cooked_mutton":1,"minecraft:water_bucket":64,"minecraft:stone_pickaxe":85,"minecraft:oak_planks":1,"minecraft:wooden_pickaxe":25,"minecraft:composter":1,"minecraft:diamond_axe":20,"minecraft:glow_berries":16,"minecraft:crafting_table":8,"minecraft:cod":1,"minecraft:white_bed":1,"minecraft:wooden_hoe":88,"minecraft:diamond_pickaxe":25,"minecraft:bread":22,"minecraft:iron_pickaxe":239,"tombstone:magic_scroll":1,"tombstone:grave_key":16,"minecraft:gravel":1,"minecraft:stone_axe":150,"tombstone:familiar_stone":1,"minecraft:cobblestone":111,"minecraft:bucket":65,"minecraft:oak_boat":2,"minecraft:coarse_dirt":26,"minecraft:bone_meal":61},"minecraft:broken":{"minecraft:leather_helmet":1,"minecraft:leather_boots":1,"minecraft:stone_axe":2,"minecraft:iron_pickaxe":1,"minecraft:wooden_hoe":1},"minecraft:killed_by":{"minecraft:player":3,"minecraft:creeper":1,"betteranimalsplus:shark":1,"alexsmobs:centipede_head":1,"minecraft:skeleton":5,"minecraft:zombie":6},"minecraft:crafted":{"minecraft:oak_planks":8,"minecraft:cooked_chicken":1,"minecraft:furnace":3,"minecraft:bone_meal":60,"minecraft:cooked_mutton":1,"minecraft:spruce_slab":12,"minecraft:stone_pickaxe":1,"minecraft:chest":2,"minecraft:stone_hoe":1,"minecraft:wheat":45,"minecraft:cooked_beef":5,"sophisticatedbackpacks:backpack":1,"minecraft:diamond_axe":1,"minecraft:crafting_table":3,"minecraft:spruce_planks":44,"minecraft:wooden_pickaxe":1,"minecraft:bucket":1,"minecraft:birch_planks":12,"minecraft:stone_axe":3,"minecraft:bread":22,"minecraft:air":0,"minecraft:oak_boat":1,"minecraft:diamond_pickaxe":1,"minecraft:wooden_hoe":2,"minecraft:charcoal":11,"minecraft:shield":2,"minecraft:stick":28,"minecraft:iron_pickaxe":2,"minecraft:iron_ingot":17,"minecraft:wooden_axe":1,"minecraft:gold_ingot":14,"minecraft:composter":1},"minecraft:killed":{"minecraft:cave_spider":1,"minecraft:spider":6,"minecraft:skeleton":11,"minecraft:chicken":1,"alexsmobs:centipede_head":1,"betteranimalsplus:eel_saltwater":2,"minecraft:rabbit":1,"minecraft:creeper":2,"minecraft:sheep":1,"minecraft:zombie":14,"minecraft:cow":3},"minecraft:custom":{"minecraft:mob_kills":45,"minecraft:interact_with_crafting_table":59,"minecraft:damage_dealt_resisted":55,"minecraft:leave_game":3,"minecraft:time_since_death":6067,"minecraft:sprint_one_cm":391085,"minecraft:walk_one_cm":275179,"minecraft:damage_blocked_by_shield":240,"minecraft:drop":28,"minecraft:play_time":168040,"minecraft:deaths":22,"minecraft:sneak_time":9055,"minecraft:walk_under_water_one_cm":29345,"minecraft:boat_one_cm":2811,"minecraft:jump":5163,"minecraft:walk_on_water_one_cm":28878,"minecraft:total_world_time":168040,"minecraft:interact_with_furnace":46,"minecraft:sleep_in_bed":1,"minecraft:time_since_rest":6079,"minecraft:damage_taken":7105,"minecraft:damage_dealt":9869,"minecraft:swim_one_cm":72883,"minecraft:fly_one_cm":938334,"minecraft:player_kills":4,"minecraft:open_chest":30,"minecraft:crouch_one_cm":22967,"tombstone:undead_killed":25,"minecraft:fall_one_cm":171744},"minecraft:picked_up":{"minecraft:wooden_axe":1,"minecraft:crafting_table":6,"minecraft:coarse_dirt":41,"minecraft:wheat":22,"minecraft:chicken":1,"minecraft:brown_mushroom":2,"minecraft:wooden_pickaxe":2,"tombstone:grave_key":2,"minecraft:string":8,"minecraft:beetroot":1,"minecraft:cobbled_deepslate":47,"iceandfire:frost_lily":1,"minecraft:beef":5,"minecraft:oak_boat":2,"minecraft:calcite":70,"minecraft:birch_sapling":1,"minecraft:egg":1,"minecraft:furnace":2,"minecraft:stick":5,"minecraft:raw_iron":49,"iceandfire:silver_ore":1,"tombstone:grave_dust":5,"minecraft:pointed_dripstone":8,"minecraft:carrot":29,"iceandfire:dragon_skull_ice":1,"minecraft:arrow":15,"minecraft:rotten_flesh":8,"minecraft:beetroot_seeds":3,"minecraft:hay_block":5,"minecraft:mutton":1,"minecraft:cod":1,"minecraft:white_wool":1,"minecraft:snowball":73,"minecraft:cobblestone":150,"minecraft:birch_log":18,"minecraft:glow_ink_sac":3,"minecraft:andesite":7,"minecraft:leather":4,"minecraft:birch_planks":26,"paraglider:spirit_orb":2,"minecraft:flint":1,"minecraft:oak_log":7,"minecraft:gunpowder":3,"minecraft:wooden_hoe":1,"minecraft:lapis_lazuli":13,"minecraft:stripped_birch_log":3,"minecraft:dirt":21,"minecraft:leather_boots":1,"minecraft:bone":31,"minecraft:stonecutter":1,"minecraft:bow":4,"minecraft:wheat_seeds":79,"minecraft:raw_gold":14,"minecraft:iron_ingot":1,"minecraft:fletching_table":1,"minecraft:iron_sword":1,"minecraft:oak_planks":1,"minecraft:smooth_basalt":1,"minecraft:sweet_berries":30,"minecraft:gravel":10,"minecraft:white_bed":4,"minecraft:spruce_log":11,"minecraft:spider_eye":1,"minecraft:leather_helmet":1,"betteranimalsplus:eel_meat_raw":2,"tombstone:familiar_stone":1,"minecraft:diamond":8,"minecraft:stone_axe":1,"minecraft:granite":5,"minecraft:bone_meal":3,"minecraft:bread":1,"tombstone:magic_scroll":1,"minecraft:coal":2},"minecraft:mined":{"minecraft:white_bed":4,"minecraft:farmland":5,"iceandfire:silver_ore":1,"minecraft:deepslate_diamond_ore":8,"minecraft:stripped_birch_log":3,"minecraft:granite":4,"minecraft:grass_block":7,"minecraft:spawner":1,"minecraft:large_fern":65,"minecraft:hay_block":2,"minecraft:furnace":2,"minecraft:carrots":9,"minecraft:iron_ore":17,"minecraft:fletching_table":1,"minecraft:deepslate_lapis_ore":2,"minecraft:pointed_dripstone":4,"minecraft:deepslate_iron_ore":32,"iceandfire:frost_lily":1,"minecraft:stone":141,"minecraft:brown_mushroom":2,"minecraft:crafting_table":6,"minecraft:calcite":57,"minecraft:cobblestone":10,"minecraft:deepslate_gold_ore":14,"minecraft:coarse_dirt":12,"minecraft:birch_log":18,"minecraft:wheat":28,"minecraft:sweet_berry_bush":7,"minecraft:spruce_log":11,"minecraft:birch_leaves":1,"minecraft:grass":24,"minecraft:oak_log":7,"minecraft:coal_ore":3,"minecraft:beetroots":2,"minecraft:gravel":5,"minecraft:dripstone_block":1,"minecraft:dirt":7,"minecraft:smooth_basalt":1,"minecraft:stonecutter":1,"minecraft:oak_leaves":2,"minecraft:deepslate":34,"minecraft:fern":59}},"DataVersion":2975}