{"stats":{"minecraft:dropped":{"minecraft:wooden_axe":1},"minecraft:used":{"minecraft:wooden_axe":57,"minecraft:stone_sword":5,"minecraft:birch_planks":3,"minecraft:wooden_pickaxe":26,"minecraft:stone_axe":10,"minecraft:wooden_sword":2,"minecraft:dirt":1,"minecraft:cobblestone":5,"minecraft:sweet_berries":21,"minecraft:crafting_table":2},"minecraft:broken":{"minecraft:wooden_axe":1},"minecraft:killed_by":{"minecraft:skeleton":1,"minecraft:zombie":1},"minecraft:crafted":{"minecraft:wooden_sword":1,"minecraft:oak_planks":44,"minecraft:birch_wood":3,"minecraft:crafting_table":1,"minecraft:spruce_planks":32,"minecraft:stick":8,"minecraft:wooden_pickaxe":1,"minecraft:stone_pickaxe":1,"minecraft:wooden_axe":1,"minecraft:stone_sword":1,"minecraft:birch_planks":112,"minecraft:stone_axe":1},"minecraft:killed":{"minecraft:zombie":1},"minecraft:custom":{"minecraft:time_since_rest":2522,"minecraft:sprint_one_cm":81410,"minecraft:damage_taken":985,"minecraft:walk_one_cm":54417,"minecraft:mob_kills":1,"minecraft:drop":1,"minecraft:damage_dealt":438,"minecraft:swim_one_cm":8771,"minecraft:interact_with_crafting_table":4,"minecraft:fly_one_cm":111814,"minecraft:player_kills":3,"minecraft:open_chest":2,"minecraft:crouch_one_cm":34,"tombstone:undead_killed":1,"minecraft:play_time":27079,"minecraft:deaths":2,"minecraft:sneak_time":103,"minecraft:walk_under_water_one_cm":83,"minecraft:jump":591,"minecraft:time_since_death":2499,"minecraft:walk_on_water_one_cm":235,"minecraft:total_world_time":27079,"minecraft:fall_one_cm":14500},"minecraft:picked_up":{"minecraft:wooden_axe":1,"minecraft:birch_log":41,"minecraft:stick":2,"minecraft:crafting_table":2,"minecraft:sweet_berries":14,"minecraft:gravel":12,"minecraft:birch_planks":3,"minecraft:oak_log":11,"minecraft:spruce_log":8,"minecraft:dirt":1,"minecraft:arrow":2,"minecraft:bone":2,"minecraft:calcite":2,"minecraft:coal":4,"minecraft:cobblestone":22},"minecraft:mined":{"minecraft:birch_planks":3,"minecraft:brown_mushroom":1,"minecraft:birch_log":41,"minecraft:sweet_berry_bush":6,"minecraft:spruce_log":8,"minecraft:birch_leaves":7,"minecraft:crafting_table":2,"minecraft:grass":1,"minecraft:oak_log":11,"minecraft:coal_ore":4,"minecraft:dirt":1,"minecraft:cobblestone":20,"minecraft:spruce_leaves":5,"minecraft:stone":2}},"DataVersion":2975}