{"stats":{"minecraft:dropped":{"minecraft:birch_planks":8,"minecraft:stone_sword":1,"minecraft:raw_iron":7,"tombstone:gift":2,"minecraft:cobblestone":1,"minecraft:rotten_flesh":4,"minecraft:oak_planks":33,"minecraft:coal":9,"minecraft:wooden_axe":1,"minecraft:spider_eye":1,"minecraft:oak_sapling":3,"tombstone:grave_dust":6,"minecraft:stone_pickaxe":1,"minecraft:iron_pickaxe":1,"minecraft:bell":1,"minecraft:string":2,"minecraft:spruce_sapling":2,"minecraft:bone":5},"minecraft:used":{"minecraft:water_bucket":3,"minecraft:stone_sword":75,"minecraft:birch_planks":3,"minecraft:stone_pickaxe":99,"minecraft:wooden_pickaxe":26,"minecraft:rotten_flesh":7,"minecraft:iron_chestplate":1,"minecraft:torch":1,"minecraft:dirt":5,"minecraft:crafting_table":3,"minecraft:blast_furnace":1,"minecraft:wooden_axe":57,"minecraft:iron_pickaxe":56,"minecraft:iron_boots":1,"tombstone:grave_key":27,"minecraft:gravel":18,"minecraft:wooden_sword":2,"minecraft:stone_axe":31,"minecraft:cobblestone":30,"minecraft:sweet_berries":34,"minecraft:furnace":1,"minecraft:bucket":4,"tombstone:gift":3,"minecraft:iron_leggings":1},"minecraft:broken":{"minecraft:wooden_axe":1,"minecraft:golden_leggings":1},"minecraft:killed_by":{"minecraft:skeleton":1,"minecraft:creeper":1,"minecraft:spider":1,"minecraft:zombie":9},"minecraft:crafted":{"minecraft:wooden_sword":1,"minecraft:oak_planks":44,"minecraft:birch_wood":3,"minecraft:crafting_table":1,"minecraft:spruce_planks":32,"minecraft:wooden_pickaxe":1,"minecraft:iron_helmet":1,"minecraft:blast_furnace":1,"minecraft:furnace":1,"minecraft:bucket":1,"minecraft:birch_planks":112,"minecraft:stone_axe":1,"minecraft:air":0,"minecraft:iron_boots":1,"minecraft:iron_chestplate":1,"minecraft:iron_leggings":1,"minecraft:stick":12,"minecraft:iron_pickaxe":1,"minecraft:iron_ingot":38,"minecraft:stone_pickaxe":1,"minecraft:wooden_axe":1,"minecraft:stone_sword":1,"minecraft:torch":16},"minecraft:killed":{"minecraft:spider":2,"minecraft:skeleton":1,"minecraft:zombie":9},"minecraft:custom":{"minecraft:interact_with_furnace":19,"minecraft:mob_kills":12,"minecraft:interact_with_crafting_table":13,"minecraft:damage_dealt_resisted":621,"minecraft:time_since_death":18723,"minecraft:climb_one_cm":424,"minecraft:time_since_rest":18762,"minecraft:sprint_one_cm":216523,"minecraft:damage_taken":3795,"minecraft:walk_one_cm":192352,"minecraft:drop":71,"minecraft:damage_dealt":2845,"minecraft:damage_dealt_absorbed":119,"minecraft:swim_one_cm":33094,"minecraft:fly_one_cm":244049,"minecraft:player_kills":4,"minecraft:open_chest":7,"minecraft:crouch_one_cm":1180,"minecraft:play_time":87079,"tombstone:undead_killed":10,"minecraft:deaths":12,"minecraft:sneak_time":789,"minecraft:walk_under_water_one_cm":7795,"minecraft:jump":1664,"minecraft:interact_with_blast_furnace":10,"minecraft:walk_on_water_one_cm":7479,"minecraft:total_world_time":87079,"minecraft:fall_one_cm":36778},"minecraft:picked_up":{"minecraft:wooden_axe":1,"minecraft:birch_log":41,"minecraft:magma_block":1,"minecraft:crafting_table":3,"minecraft:wheat":1,"minecraft:birch_planks":3,"minecraft:tuff":2,"minecraft:oak_log":11,"minecraft:gunpowder":3,"minecraft:lapis_lazuli":24,"minecraft:string":2,"minecraft:dirt":6,"tombstone:gift":1,"minecraft:bone":5,"minecraft:blackstone":2,"minecraft:cobbled_deepslate":26,"minecraft:wheat_seeds":1,"minecraft:smooth_stone":8,"minecraft:raw_gold":3,"minecraft:iron_ingot":2,"minecraft:calcite":2,"minecraft:iron_pickaxe":1,"minecraft:oak_planks":1,"minecraft:mossy_stone_brick_stairs":1,"minecraft:furnace":1,"minecraft:stick":4,"minecraft:raw_iron":45,"minecraft:sweet_berries":27,"minecraft:chiseled_stone_bricks":1,"minecraft:torch":109,"minecraft:gravel":18,"minecraft:iron_horse_armor":1,"sophisticatedbackpacks:iron_backpack":1,"minecraft:spruce_sapling":2,"tombstone:grave_dust":4,"minecraft:spruce_log":20,"minecraft:spider_eye":1,"minecraft:stone_sword":1,"minecraft:arrow":2,"minecraft:rotten_flesh":9,"minecraft:diamond":5,"minecraft:oak_sapling":3,"minecraft:netherrack":9,"minecraft:iron_bars":1,"minecraft:coal":13,"minecraft:cobblestone":74},"minecraft:mined":{"minecraft:tuff":2,"minecraft:brown_mushroom":1,"minecraft:glass_pane":1,"minecraft:blackstone":2,"minecraft:deepslate_diamond_ore":5,"minecraft:powder_snow":1,"minecraft:oak_fence":1,"minecraft:crafting_table":3,"minecraft:torch":10,"minecraft:grass_block":1,"minecraft:cobblestone":43,"minecraft:deepslate_coal_ore":8,"minecraft:lapis_ore":1,"minecraft:spruce_leaves":10,"minecraft:deepslate_gold_ore":2,"minecraft:wall_torch":8,"minecraft:chiseled_stone_bricks":1,"minecraft:smooth_stone":8,"minecraft:birch_planks":3,"minecraft:magma_block":1,"minecraft:furnace":1,"minecraft:birch_log":41,"minecraft:iron_ore":1,"minecraft:sweet_berry_bush":12,"minecraft:birch_leaves":7,"minecraft:spruce_log":20,"minecraft:deepslate_lapis_ore":3,"minecraft:mossy_stone_brick_stairs":2,"minecraft:grass":1,"minecraft:coal_ore":5,"minecraft:oak_log":11,"minecraft:deepslate_iron_ore":20,"minecraft:iron_bars":1,"minecraft:gravel":6,"minecraft:dirt":4,"minecraft:stone":28,"minecraft:netherrack":12,"minecraft:gold_ore":1,"minecraft:deepslate":25}},"DataVersion":2975}