{"stats":{"minecraft:dropped":{"sophisticatedbackpacks:iron_backpack":1,"minecraft:birch_planks":8,"minecraft:wheat_seeds":1,"minecraft:cobblestone":1,"minecraft:coal":9,"minecraft:dirt":2,"minecraft:wooden_axe":1,"tombstone:grave_dust":8,"minecraft:iron_pickaxe":1,"minecraft:string":2,"minecraft:spruce_sapling":2,"minecraft:bone":11,"minecraft:blackstone":6,"minecraft:stone_sword":1,"minecraft:tuff":2,"minecraft:raw_iron":7,"tombstone:gift":2,"minecraft:rotten_flesh":4,"minecraft:oak_planks":33,"minecraft:oak_sapling":3,"minecraft:spider_eye":1,"minecraft:arrow":15,"minecraft:stone_pickaxe":1,"minecraft:bell":1},"minecraft:used":{"minecraft:stone_sword":142,"minecraft:shield":8,"minecraft:stone_hoe":37,"minecraft:rotten_flesh":24,"minecraft:iron_chestplate":1,"minecraft:torch":31,"minecraft:dirt":5,"minecraft:carrot":1,"minecraft:wooden_axe":57,"minecraft:iron_boots":1,"minecraft:melon_seeds":8,"minecraft:bow":8,"minecraft:sweet_berries":37,"minecraft:furnace":2,"tombstone:gift":3,"minecraft:cobbled_deepslate":19,"minecraft:iron_leggings":1,"minecraft:wheat_seeds":39,"minecraft:water_bucket":28,"minecraft:birch_planks":3,"minecraft:stone_pickaxe":99,"minecraft:wooden_pickaxe":26,"minecraft:crafting_table":5,"minecraft:blast_furnace":1,"tombstone:bag_of_seeds":1,"minecraft:bread":2,"minecraft:iron_pickaxe":169,"tombstone:grave_key":32,"minecraft:gravel":18,"minecraft:stone_axe":45,"minecraft:wooden_sword":2,"minecraft:cobblestone":69,"minecraft:bucket":29,"minecraft:bone_meal":12},"minecraft:broken":{"minecraft:stone_sword":1,"minecraft:golden_leggings":1,"minecraft:wooden_axe":1},"minecraft:killed_by":{"minecraft:player":2,"minecraft:creeper":1,"minecraft:spider":1,"minecraft:skeleton":1,"minecraft:zombie":9},"minecraft:crafted":{"minecraft:wooden_sword":1,"minecraft:oak_planks":48,"minecraft:birch_wood":3,"minecraft:furnace":2,"minecraft:blast_furnace":1,"minecraft:bone_meal":12,"minecraft:iron_boots":1,"minecraft:stone_pickaxe":1,"minecraft:lead":4,"minecraft:crafting_table":2,"minecraft:spruce_planks":32,"minecraft:wooden_pickaxe":1,"minecraft:iron_helmet":1,"minecraft:bucket":1,"minecraft:birch_planks":112,"minecraft:stone_axe":1,"minecraft:bread":2,"minecraft:air":0,"minecraft:iron_chestplate":1,"minecraft:shield":1,"minecraft:stick":16,"minecraft:iron_pickaxe":1,"minecraft:iron_ingot":49,"minecraft:wooden_axe":1,"minecraft:stone_sword":2,"minecraft:iron_leggings":1,"minecraft:torch":16},"minecraft:killed":{"minecraft:witch":1,"minecraft:spider":4,"minecraft:slime":4,"minecraft:skeleton":9,"minecraft:zombie":15},"minecraft:custom":{"minecraft:mob_kills":31,"minecraft:interact_with_crafting_table":27,"minecraft:bell_ring":31,"minecraft:damage_dealt_resisted":621,"minecraft:time_since_death":38,"minecraft:climb_one_cm":424,"minecraft:sprint_one_cm":450055,"minecraft:walk_one_cm":337516,"minecraft:damage_blocked_by_shield":330,"minecraft:drop":87,"minecraft:damage_dealt_absorbed":119,"minecraft:play_time":159389,"minecraft:deaths":17,"minecraft:sneak_time":1256,"minecraft:walk_under_water_one_cm":17004,"minecraft:jump":3117,"minecraft:interact_with_blast_furnace":10,"minecraft:walk_on_water_one_cm":17422,"minecraft:total_world_time":159389,"minecraft:interact_with_furnace":31,"tombstone:raider_killed":1,"minecraft:sleep_in_bed":1,"minecraft:time_since_rest":41,"minecraft:damage_taken":5473,"minecraft:damage_dealt":6102,"minecraft:swim_one_cm":41658,"minecraft:fly_one_cm":448616,"minecraft:player_kills":6,"minecraft:open_chest":33,"minecraft:crouch_one_cm":2243,"tombstone:undead_killed":24,"minecraft:fall_one_cm":79228},"minecraft:picked_up":{"minecraft:wooden_axe":1,"minecraft:crafting_table":5,"minecraft:wheat":3,"minecraft:amethyst_block":7,"minecraft:string":23,"minecraft:blackstone":6,"minecraft:cobbled_deepslate":85,"minecraft:smooth_stone":8,"minecraft:calcite":2,"minecraft:iron_pickaxe":1,"minecraft:furnace":1,"minecraft:stick":5,"minecraft:raw_iron":51,"minecraft:oak_fence":1,"minecraft:torch":121,"tombstone:grave_dust":6,"minecraft:carrot":4,"minecraft:iron_horse_armor":1,"minecraft:stone_sword":1,"minecraft:arrow":9,"minecraft:rotten_flesh":14,"minecraft:iron_bars":1,"minecraft:cobblestone":75,"minecraft:birch_log":49,"minecraft:magma_block":1,"minecraft:birch_planks":3,"minecraft:tuff":2,"minecraft:oak_log":12,"minecraft:yellow_bed":1,"minecraft:gunpowder":3,"minecraft:lapis_lazuli":77,"minecraft:dirt":8,"tombstone:gift":1,"minecraft:bone":9,"minecraft:bow":1,"minecraft:wheat_seeds":12,"minecraft:raw_gold":3,"minecraft:iron_ingot":2,"minecraft:mossy_stone_brick_stairs":1,"minecraft:oak_planks":2,"minecraft:stone_hoe":1,"minecraft:sweet_berries":30,"minecraft:chiseled_stone_bricks":1,"minecraft:gravel":18,"minecraft:spruce_sapling":2,"sophisticatedbackpacks:iron_backpack":2,"minecraft:spruce_log":20,"minecraft:spider_eye":1,"minecraft:sugar":1,"minecraft:diamond":15,"minecraft:oak_sapling":3,"minecraft:melon_seeds":5,"minecraft:netherrack":9,"minecraft:coal":22},"minecraft:mined":{"minecraft:tuff":2,"minecraft:deepslate_diamond_ore":15,"minecraft:budding_amethyst":1,"minecraft:grass_block":1,"minecraft:spruce_leaves":10,"minecraft:chiseled_stone_bricks":1,"minecraft:smooth_stone":8,"minecraft:magma_block":2,"minecraft:furnace":1,"minecraft:carrots":1,"minecraft:iron_ore":1,"minecraft:deepslate_lapis_ore":12,"minecraft:mossy_stone_brick_stairs":2,"minecraft:deepslate_iron_ore":26,"minecraft:iron_bars":1,"minecraft:stone":29,"minecraft:brown_mushroom":1,"minecraft:glass_pane":1,"minecraft:blackstone":13,"minecraft:melon_stem":6,"minecraft:powder_snow":1,"minecraft:oak_fence":2,"minecraft:crafting_table":5,"minecraft:torch":15,"minecraft:cobblestone":43,"minecraft:deepslate_coal_ore":14,"minecraft:lapis_ore":1,"minecraft:deepslate_gold_ore":2,"minecraft:oak_planks":1,"minecraft:wall_torch":15,"minecraft:amethyst_block":7,"minecraft:birch_planks":3,"minecraft:birch_log":49,"minecraft:wheat":2,"minecraft:sweet_berry_bush":13,"minecraft:spruce_log":20,"minecraft:birch_leaves":8,"minecraft:grass":4,"minecraft:oak_log":12,"minecraft:coal_ore":7,"minecraft:gravel":6,"minecraft:dirt":6,"minecraft:netherrack":12,"minecraft:gold_ore":1,"minecraft:deepslate":84}},"DataVersion":2975}