{"stats":{"minecraft:dropped":{"minecraft:stone_sword":1,"minecraft:wooden_axe":1},"minecraft:used":{"minecraft:wooden_axe":57,"minecraft:stone_sword":26,"minecraft:birch_planks":3,"minecraft:stone_pickaxe":14,"minecraft:wooden_pickaxe":26,"tombstone:grave_key":8,"minecraft:gravel":18,"minecraft:rotten_flesh":5,"minecraft:stone_axe":29,"minecraft:wooden_sword":2,"minecraft:dirt":5,"minecraft:cobblestone":5,"minecraft:sweet_berries":34,"minecraft:crafting_table":2},"minecraft:broken":{"minecraft:wooden_axe":1},"minecraft:killed_by":{"minecraft:skeleton":1,"minecraft:spider":1,"minecraft:zombie":1},"minecraft:crafted":{"minecraft:wooden_sword":1,"minecraft:oak_planks":44,"minecraft:birch_wood":3,"minecraft:crafting_table":1,"minecraft:spruce_planks":32,"minecraft:stick":8,"minecraft:wooden_pickaxe":1,"minecraft:stone_pickaxe":1,"minecraft:wooden_axe":1,"minecraft:stone_sword":1,"minecraft:birch_planks":112,"minecraft:stone_axe":1},"minecraft:killed":{"minecraft:zombie":6,"minecraft:spider":1},"minecraft:custom":{"minecraft:time_since_rest":11033,"minecraft:sprint_one_cm":125736,"minecraft:damage_taken":1267,"minecraft:walk_one_cm":78022,"minecraft:mob_kills":7,"minecraft:drop":2,"minecraft:damage_dealt":1476,"minecraft:swim_one_cm":32573,"minecraft:interact_with_crafting_table":4,"minecraft:fly_one_cm":156939,"minecraft:player_kills":3,"minecraft:open_chest":4,"minecraft:crouch_one_cm":34,"tombstone:undead_killed":6,"minecraft:play_time":39079,"minecraft:deaths":3,"minecraft:sneak_time":107,"minecraft:walk_under_water_one_cm":317,"minecraft:jump":908,"minecraft:time_since_death":11017,"minecraft:walk_on_water_one_cm":861,"minecraft:total_world_time":39079,"minecraft:fall_one_cm":20202},"minecraft:picked_up":{"minecraft:wooden_axe":1,"minecraft:birch_log":41,"minecraft:stick":4,"minecraft:crafting_table":2,"minecraft:sweet_berries":27,"minecraft:gravel":18,"minecraft:birch_planks":3,"minecraft:spruce_sapling":2,"tombstone:grave_dust":3,"minecraft:oak_log":11,"minecraft:spruce_log":20,"minecraft:stone_sword":1,"minecraft:dirt":5,"minecraft:rotten_flesh":6,"minecraft:arrow":2,"minecraft:bone":2,"minecraft:smooth_stone":8,"minecraft:calcite":2,"minecraft:coal":4,"minecraft:cobblestone":22},"minecraft:mined":{"minecraft:smooth_stone":8,"minecraft:birch_planks":3,"minecraft:brown_mushroom":1,"minecraft:birch_log":41,"minecraft:sweet_berry_bush":12,"minecraft:spruce_log":20,"minecraft:birch_leaves":7,"minecraft:grass_block":1,"minecraft:crafting_table":2,"minecraft:grass":1,"minecraft:oak_log":11,"minecraft:coal_ore":4,"minecraft:gravel":6,"minecraft:dirt":4,"minecraft:cobblestone":20,"minecraft:spruce_leaves":10,"minecraft:stone":2}},"DataVersion":2975}