{"stats":{"minecraft:killed_by":{"minecraft:skeleton":1},"minecraft:picked_up":{"minecraft:wooden_axe":1,"minecraft:birch_log":32,"minecraft:stick":2,"minecraft:crafting_table":1,"minecraft:sweet_berries":14,"minecraft:birch_planks":3,"minecraft:oak_log":11,"minecraft:spruce_log":8,"minecraft:dirt":1,"minecraft:bone":2,"minecraft:arrow":2,"minecraft:coal":4,"minecraft:cobblestone":22},"minecraft:crafted":{"minecraft:wooden_sword":1,"minecraft:oak_planks":44,"minecraft:birch_wood":3,"minecraft:crafting_table":1,"minecraft:spruce_planks":32,"minecraft:stick":8,"minecraft:wooden_pickaxe":1,"minecraft:wooden_axe":1,"minecraft:birch_planks":112},"minecraft:custom":{"minecraft:time_since_rest":15836,"minecraft:sprint_one_cm":80531,"minecraft:damage_taken":762,"minecraft:walk_one_cm":39812,"minecraft:drop":1,"minecraft:damage_dealt":50,"minecraft:player_kills":2,"minecraft:interact_with_crafting_table":2,"minecraft:swim_one_cm":8771,"minecraft:fly_one_cm":109420,"minecraft:open_chest":1,"minecraft:crouch_one_cm":7,"minecraft:play_time":22420,"minecraft:deaths":1,"minecraft:sneak_time":72,"minecraft:walk_under_water_one_cm":83,"minecraft:jump":522,"minecraft:walk_on_water_one_cm":235,"minecraft:time_since_death":15811,"minecraft:total_world_time":22420,"minecraft:fall_one_cm":14082},"minecraft:used":{"minecraft:wooden_axe":51,"minecraft:birch_planks":3,"minecraft:wooden_pickaxe":26,"minecraft:wooden_sword":2,"minecraft:dirt":1,"minecraft:cobblestone":5,"minecraft:sweet_berries":21,"minecraft:crafting_table":1},"minecraft:dropped":{"minecraft:wooden_axe":1},"minecraft:mined":{"minecraft:birch_planks":3,"minecraft:brown_mushroom":1,"minecraft:birch_log":32,"minecraft:sweet_berry_bush":6,"minecraft:spruce_log":8,"minecraft:birch_leaves":3,"minecraft:crafting_table":1,"minecraft:grass":1,"minecraft:oak_log":11,"minecraft:coal_ore":4,"minecraft:dirt":1,"minecraft:cobblestone":20,"minecraft:spruce_leaves":5,"minecraft:stone":2}},"DataVersion":2975}