{"stats":{"minecraft:dropped":{"sophisticatedbackpacks:iron_backpack":1,"minecraft:birch_planks":8,"minecraft:cobblestone":1,"minecraft:coal":9,"minecraft:dirt":2,"minecraft:wooden_axe":1,"tombstone:grave_dust":6,"minecraft:iron_pickaxe":1,"minecraft:string":2,"minecraft:spruce_sapling":2,"minecraft:bone":11,"minecraft:blackstone":6,"minecraft:stone_sword":1,"minecraft:tuff":2,"minecraft:raw_iron":7,"tombstone:gift":2,"minecraft:rotten_flesh":4,"minecraft:oak_planks":33,"minecraft:oak_sapling":3,"minecraft:spider_eye":1,"minecraft:stone_pickaxe":1,"minecraft:bell":1},"minecraft:used":{"minecraft:stone_sword":102,"minecraft:shield":1,"minecraft:stone_hoe":25,"minecraft:rotten_flesh":12,"minecraft:iron_chestplate":1,"minecraft:torch":31,"minecraft:dirt":5,"minecraft:wooden_axe":57,"minecraft:iron_boots":1,"minecraft:sweet_berries":34,"minecraft:furnace":2,"tombstone:gift":3,"minecraft:cobbled_deepslate":17,"minecraft:iron_leggings":1,"minecraft:wheat_seeds":37,"minecraft:water_bucket":15,"minecraft:birch_planks":3,"minecraft:stone_pickaxe":99,"minecraft:wooden_pickaxe":26,"minecraft:crafting_table":4,"minecraft:blast_furnace":1,"minecraft:bread":1,"minecraft:iron_pickaxe":158,"tombstone:grave_key":30,"minecraft:gravel":18,"minecraft:stone_axe":33,"minecraft:wooden_sword":2,"minecraft:cobblestone":57,"minecraft:bucket":15},"minecraft:broken":{"minecraft:golden_leggings":1,"minecraft:wooden_axe":1},"minecraft:killed_by":{"minecraft:player":1,"minecraft:creeper":1,"minecraft:spider":1,"minecraft:skeleton":1,"minecraft:zombie":9},"minecraft:crafted":{"minecraft:wooden_sword":1,"minecraft:oak_planks":44,"minecraft:birch_wood":3,"minecraft:furnace":2,"minecraft:blast_furnace":1,"minecraft:iron_boots":1,"minecraft:stone_pickaxe":1,"minecraft:crafting_table":1,"minecraft:spruce_planks":32,"minecraft:wooden_pickaxe":1,"minecraft:iron_helmet":1,"minecraft:bucket":1,"minecraft:birch_planks":112,"minecraft:stone_axe":1,"minecraft:air":0,"minecraft:iron_chestplate":1,"minecraft:shield":1,"minecraft:stick":12,"minecraft:iron_pickaxe":1,"minecraft:iron_ingot":45,"minecraft:wooden_axe":1,"minecraft:stone_sword":1,"minecraft:iron_leggings":1,"minecraft:torch":16},"minecraft:killed":{"minecraft:spider":3,"minecraft:slime":4,"minecraft:skeleton":4,"minecraft:zombie":12},"minecraft:custom":{"minecraft:mob_kills":21,"minecraft:interact_with_crafting_table":18,"minecraft:damage_dealt_resisted":621,"minecraft:time_since_death":12660,"minecraft:climb_one_cm":424,"minecraft:sprint_one_cm":338485,"minecraft:walk_one_cm":253188,"minecraft:damage_blocked_by_shield":40,"minecraft:drop":81,"minecraft:damage_dealt_absorbed":119,"minecraft:play_time":118295,"minecraft:deaths":15,"minecraft:sneak_time":904,"minecraft:walk_under_water_one_cm":14138,"minecraft:jump":2196,"minecraft:interact_with_blast_furnace":10,"minecraft:walk_on_water_one_cm":10349,"minecraft:total_world_time":118295,"minecraft:interact_with_furnace":25,"minecraft:time_since_rest":12686,"minecraft:damage_taken":4658,"minecraft:damage_dealt":4076,"minecraft:swim_one_cm":39888,"minecraft:fly_one_cm":314958,"minecraft:player_kills":5,"minecraft:open_chest":17,"minecraft:crouch_one_cm":1416,"tombstone:undead_killed":16,"minecraft:fall_one_cm":49361},"minecraft:picked_up":{"minecraft:wooden_axe":1,"minecraft:crafting_table":4,"minecraft:wheat":2,"minecraft:amethyst_block":7,"minecraft:string":2,"minecraft:blackstone":6,"minecraft:cobbled_deepslate":85,"minecraft:smooth_stone":8,"minecraft:calcite":2,"minecraft:iron_pickaxe":1,"minecraft:furnace":1,"minecraft:stick":5,"minecraft:raw_iron":49,"minecraft:torch":109,"tombstone:grave_dust":4,"minecraft:iron_horse_armor":1,"minecraft:stone_sword":1,"minecraft:arrow":5,"minecraft:rotten_flesh":11,"minecraft:iron_bars":1,"minecraft:cobblestone":74,"minecraft:birch_log":41,"minecraft:magma_block":1,"minecraft:birch_planks":3,"minecraft:tuff":2,"minecraft:oak_log":11,"minecraft:gunpowder":3,"minecraft:lapis_lazuli":77,"minecraft:dirt":7,"tombstone:gift":1,"minecraft:bone":5,"minecraft:wheat_seeds":4,"minecraft:raw_gold":3,"minecraft:iron_ingot":2,"minecraft:mossy_stone_brick_stairs":1,"minecraft:oak_planks":2,"minecraft:stone_hoe":1,"minecraft:sweet_berries":27,"minecraft:chiseled_stone_bricks":1,"minecraft:gravel":18,"minecraft:spruce_sapling":2,"sophisticatedbackpacks:iron_backpack":2,"minecraft:spruce_log":20,"minecraft:spider_eye":1,"minecraft:diamond":15,"minecraft:oak_sapling":3,"minecraft:netherrack":9,"minecraft:coal":13},"minecraft:mined":{"minecraft:tuff":2,"minecraft:deepslate_diamond_ore":15,"minecraft:budding_amethyst":1,"minecraft:grass_block":1,"minecraft:spruce_leaves":10,"minecraft:chiseled_stone_bricks":1,"minecraft:smooth_stone":8,"minecraft:magma_block":2,"minecraft:furnace":1,"minecraft:iron_ore":1,"minecraft:deepslate_lapis_ore":12,"minecraft:mossy_stone_brick_stairs":2,"minecraft:deepslate_iron_ore":24,"minecraft:iron_bars":1,"minecraft:stone":28,"minecraft:brown_mushroom":1,"minecraft:glass_pane":1,"minecraft:blackstone":13,"minecraft:powder_snow":1,"minecraft:oak_fence":1,"minecraft:crafting_table":4,"minecraft:torch":10,"minecraft:cobblestone":43,"minecraft:deepslate_coal_ore":8,"minecraft:lapis_ore":1,"minecraft:deepslate_gold_ore":2,"minecraft:oak_planks":1,"minecraft:wall_torch":8,"minecraft:amethyst_block":7,"minecraft:birch_planks":3,"minecraft:birch_log":41,"minecraft:wheat":1,"minecraft:sweet_berry_bush":12,"minecraft:spruce_log":20,"minecraft:birch_leaves":7,"minecraft:grass":1,"minecraft:oak_log":11,"minecraft:coal_ore":5,"minecraft:gravel":6,"minecraft:dirt":5,"minecraft:netherrack":12,"minecraft:gold_ore":1,"minecraft:deepslate":84}},"DataVersion":2975}