{"stats":{"minecraft:dropped":{"alexsmobs:animal_dictionary":1,"minecraft:redstone_torch":1,"minecraft:iron_pickaxe":2},"minecraft:used":{"minecraft:stone_sword":40,"minecraft:stone_pickaxe":39,"minecraft:blackstone":57,"minecraft:shield":12,"minecraft:wooden_pickaxe":16,"minecraft:torch":104,"minecraft:dirt":5,"minecraft:crafting_table":5,"iceandfire:armor_silver_metal_helmet":1,"iceandfire:armor_silver_metal_chestplate":1,"minecraft:redstone_torch":17,"minecraft:diamond_pickaxe":140,"minecraft:apple":3,"minecraft:bread":3,"minecraft:iron_pickaxe":255,"minecraft:iron_boots":1,"tombstone:grave_key":1,"minecraft:gravel":4,"minecraft:smooth_basalt":17,"minecraft:magma_block":5,"minecraft:cobblestone":36,"minecraft:furnace":3,"tombstone:gift":2,"minecraft:coarse_dirt":1,"minecraft:cobbled_deepslate":3,"minecraft:iron_leggings":1},"minecraft:broken":{"minecraft:iron_pickaxe":1},"minecraft:killed_by":{"minecraft:zombie":1},"minecraft:crafted":{"minecraft:raw_iron":18,"iceandfire:silver_ingot":13,"minecraft:crafting_table":2,"minecraft:spruce_planks":52,"minecraft:wooden_pickaxe":1,"minecraft:furnace":2,"iceandfire:armor_silver_metal_helmet":1,"iceandfire:armor_silver_metal_chestplate":1,"minecraft:iron_boots":1,"minecraft:diamond_pickaxe":1,"minecraft:shield":1,"minecraft:stick":36,"minecraft:iron_ingot":16,"minecraft:iron_pickaxe":1,"minecraft:stone_pickaxe":1,"minecraft:stone_sword":1,"minecraft:iron_leggings":1,"minecraft:redstone_torch":5,"minecraft:torch":76},"minecraft:killed":{"minecraft:spider":4,"minecraft:skeleton":2,"minecraft:zombie":2},"minecraft:custom":{"minecraft:interact_with_furnace":12,"minecraft:mob_kills":8,"minecraft:interact_with_crafting_table":15,"minecraft:time_since_death":6507,"minecraft:time_since_rest":6533,"minecraft:sprint_one_cm":72779,"minecraft:damage_taken":907,"minecraft:walk_one_cm":236101,"minecraft:damage_blocked_by_shield":385,"minecraft:drop":4,"minecraft:damage_dealt":1812,"minecraft:swim_one_cm":8878,"minecraft:fly_one_cm":74616,"minecraft:open_chest":1,"minecraft:crouch_one_cm":16659,"minecraft:play_time":79751,"tombstone:undead_killed":4,"minecraft:deaths":2,"minecraft:sneak_time":5228,"minecraft:walk_under_water_one_cm":3544,"minecraft:jump":1050,"minecraft:walk_on_water_one_cm":8734,"minecraft:total_world_time":79751,"minecraft:fall_one_cm":27275},"minecraft:picked_up":{"minecraft:magma_block":19,"minecraft:crafting_table":4,"minecraft:coarse_dirt":1,"minecraft:tuff":5,"minecraft:amethyst_block":3,"minecraft:lapis_lazuli":17,"minecraft:string":5,"minecraft:dirt":5,"minecraft:blackstone":82,"minecraft:cobbled_deepslate":53,"minecraft:raw_gold":6,"minecraft:spruce_planks":1,"minecraft:redstone_torch":14,"minecraft:calcite":5,"minecraft:iron_pickaxe":2,"minecraft:furnace":2,"minecraft:raw_iron":26,"minecraft:smooth_basalt":17,"minecraft:torch":28,"minecraft:gravel":4,"minecraft:raw_iron_block":2,"iceandfire:silver_ore":13,"minecraft:spruce_log":13,"minecraft:redstone":94,"alexsmobs:animal_dictionary":1,"minecraft:rotten_flesh":1,"minecraft:diamond":11,"minecraft:coal":34,"minecraft:cobblestone":121},"minecraft:mined":{"minecraft:deepslate_redstone_ore":23,"minecraft:tuff":5,"minecraft:spruce_planks":1,"iceandfire:silver_ore":13,"minecraft:blackstone":89,"minecraft:deepslate_diamond_ore":11,"minecraft:crafting_table":4,"minecraft:torch":19,"minecraft:budding_amethyst":1,"minecraft:calcite":4,"minecraft:cobblestone":16,"minecraft:spruce_leaves":6,"minecraft:deepslate_gold_ore":7,"minecraft:wall_torch":8,"minecraft:amethyst_block":3,"minecraft:magma_block":10,"minecraft:coarse_dirt":2,"minecraft:raw_iron_block":2,"minecraft:furnace":2,"minecraft:iron_ore":3,"minecraft:redstone_torch":9,"minecraft:fire":7,"minecraft:spruce_log":13,"minecraft:deepslate_lapis_ore":3,"minecraft:coal_ore":34,"minecraft:deepslate_iron_ore":24,"minecraft:dirt":7,"minecraft:smooth_basalt":18,"minecraft:stone":107,"minecraft:redstone_wall_torch":5,"minecraft:deepslate":54}},"DataVersion":2975}