{"stats":{"minecraft:dropped":{"alexsmobs:animal_dictionary":1},"minecraft:used":{"minecraft:stone_pickaxe":39,"minecraft:bread":3,"minecraft:wooden_pickaxe":16,"minecraft:torch":34,"minecraft:dirt":5,"minecraft:crafting_table":3,"minecraft:furnace":1,"minecraft:coarse_dirt":1},"minecraft:crafted":{"minecraft:crafting_table":1,"minecraft:spruce_planks":24,"minecraft:stick":36,"minecraft:iron_ingot":4,"minecraft:wooden_pickaxe":1,"minecraft:stone_pickaxe":1,"minecraft:stone_sword":1,"minecraft:furnace":1,"minecraft:torch":76},"minecraft:picked_up":{"minecraft:raw_iron":4,"minecraft:coarse_dirt":1,"minecraft:crafting_table":2,"minecraft:spruce_log":6,"alexsmobs:animal_dictionary":1,"minecraft:dirt":5,"minecraft:spruce_planks":1,"minecraft:coal":34,"minecraft:cobblestone":18},"minecraft:custom":{"minecraft:time_since_rest":19751,"minecraft:interact_with_furnace":3,"minecraft:sprint_one_cm":45591,"minecraft:damage_taken":255,"minecraft:walk_one_cm":68435,"minecraft:drop":1,"minecraft:swim_one_cm":8878,"minecraft:interact_with_crafting_table":7,"minecraft:fly_one_cm":50899,"minecraft:open_chest":1,"minecraft:crouch_one_cm":278,"minecraft:play_time":19751,"minecraft:sneak_time":90,"minecraft:walk_under_water_one_cm":1918,"minecraft:jump":398,"minecraft:time_since_death":19751,"minecraft:walk_on_water_one_cm":3633,"minecraft:total_world_time":19751,"minecraft:fall_one_cm":12722},"minecraft:mined":{"minecraft:coarse_dirt":2,"minecraft:spruce_planks":1,"minecraft:iron_ore":3,"minecraft:spruce_log":6,"minecraft:crafting_table":2,"minecraft:coal_ore":34,"minecraft:deepslate_iron_ore":1,"minecraft:dirt":7,"minecraft:cobblestone":15,"minecraft:spruce_leaves":6,"minecraft:stone":1}},"DataVersion":2975}