{"stats":{"minecraft:dropped":{"minecraft:crafting_table":1,"minecraft:crossbow":1,"minecraft:cobblestone":54,"minecraft:cod":1,"minecraft:stick":1,"minecraft:dirt":13,"mca:book_romance":1,"illagerinvasion:platinum_chunk":3,"minecraft:ink_sac":2,"minecraft:cooked_cod":1,"alexsmobs:flying_fish":2,"minecraft:cooked_salmon":1,"minecraft:iron_pickaxe":2,"minecraft:string":5,"minecraft:white_wool":1,"minecraft:bone":3,"minecraft:redstone":153,"minecraft:blackstone":25,"minecraft:stone_sword":1,"minecraft:cobbled_deepslate":50,"minecraft:coarse_dirt":7,"alexsmobs:animal_dictionary":2,"minecraft:raw_copper":3,"minecraft:tuff":5,"minecraft:rotten_flesh":9,"magistuarmory:woolen_fabric":9,"minecraft:redstone_torch":2,"minecraft:stone_pickaxe":1,"minecraft:calcite":35,"minecraft:magma_block":5},"minecraft:used":{"minecraft:stone_sword":89,"minecraft:shield":32,"minecraft:iron_sword":165,"minecraft:cooked_salmon":2,"minecraft:rotten_flesh":6,"minecraft:torch":155,"minecraft:dirt":5,"iceandfire:armor_silver_metal_helmet":1,"minecraft:iron_boots":1,"minecraft:smooth_basalt":17,"minecraft:magma_block":5,"minecraft:furnace":4,"minecraft:cooked_cod":4,"tombstone:gift":6,"minecraft:cobbled_deepslate":5,"minecraft:iron_leggings":1,"comforts:sleeping_bag_light_gray":2,"minecraft:birch_planks":1,"minecraft:stone_pickaxe":39,"minecraft:blackstone":57,"minecraft:wooden_pickaxe":16,"minecraft:crafting_table":6,"minecraft:crossbow":1,"minecraft:cod":4,"iceandfire:armor_silver_metal_chestplate":1,"minecraft:redstone_torch":21,"minecraft:diamond_pickaxe":366,"minecraft:apple":3,"minecraft:bread":3,"minecraft:iron_pickaxe":255,"tombstone:grave_key":5,"minecraft:gravel":4,"minecraft:cobblestone":82,"minecraft:andesite":1,"minecraft:birch_log":5,"minecraft:coarse_dirt":1},"minecraft:broken":{"minecraft:iron_pickaxe":1},"minecraft:killed_by":{"alexsmobs:frilled_shark":1,"minecraft:pillager":1,"betteranimalsplus:shark":6,"minecraft:skeleton":1,"minecraft:zombie":1},"minecraft:crafted":{"minecraft:raw_iron":18,"minecraft:furnace":2,"iceandfire:armor_silver_metal_chestplate":1,"minecraft:iron_boots":1,"minecraft:stone_pickaxe":1,"magistuarmory:woolen_fabric":9,"minecraft:wheat":72,"iceandfire:silver_ingot":13,"minecraft:crafting_table":4,"minecraft:spruce_planks":52,"minecraft:wooden_pickaxe":1,"minecraft:iron_sword":1,"minecraft:birch_planks":60,"comforts:sleeping_bag_light_gray":1,"iceandfire:armor_silver_metal_helmet":1,"minecraft:diamond_pickaxe":1,"minecraft:shield":2,"minecraft:stick":84,"minecraft:iron_pickaxe":1,"minecraft:iron_ingot":26,"minecraft:stone_sword":1,"minecraft:iron_leggings":1,"minecraft:redstone_torch":5,"minecraft:torch":248},"minecraft:killed":{"betteranimalsplus:nautilus":2,"minecraft:spider":4,"minecraft:skeleton":5,"minecraft:chicken":2,"minecraft:drowned":1,"betteranimalsplus:eel_saltwater":1,"alexsmobs:flying_fish":1,"betteranimalsplus:shark":5,"minecraft:salmon":1,"minecraft:pillager":12,"minecraft:zombie":14,"betteranimalsplus:jellyfish":6},"minecraft:custom":{"minecraft:mob_kills":57,"minecraft:interact_with_crafting_table":23,"minecraft:interact_with_campfire":12,"minecraft:bell_ring":23,"minecraft:time_since_death":25916,"minecraft:climb_one_cm":424,"minecraft:sprint_one_cm":211080,"minecraft:walk_one_cm":500216,"minecraft:damage_blocked_by_shield":1105,"minecraft:drop":48,"minecraft:play_time":151751,"minecraft:deaths":12,"minecraft:sneak_time":7504,"minecraft:walk_under_water_one_cm":69961,"minecraft:jump":2267,"minecraft:walk_on_water_one_cm":30557,"minecraft:total_world_time":151751,"minecraft:interact_with_furnace":15,"tombstone:raider_killed":20,"minecraft:sleep_in_bed":2,"minecraft:time_since_rest":22458,"minecraft:damage_taken":4060,"minecraft:damage_dealt":11936,"minecraft:swim_one_cm":36223,"minecraft:fly_one_cm":210639,"minecraft:open_chest":3,"minecraft:crouch_one_cm":22292,"tombstone:undead_killed":20,"minecraft:fall_one_cm":54415},"minecraft:picked_up":{"minecraft:coarse_dirt":8,"minecraft:crafting_table":4,"illagerinvasion:platinum_chunk":6,"minecraft:chicken":2,"iceandfire:copper_ore":1,"minecraft:prismarine_shard":2,"minecraft:enchanted_book":1,"minecraft:amethyst_block":3,"minecraft:string":5,"minecraft:raw_copper":3,"minecraft:cooked_salmon":4,"minecraft:blackstone":129,"alexsmobs:serrated_shark_tooth":1,"minecraft:cobbled_deepslate":68,"minecraft:spruce_planks":1,"minecraft:redstone_torch":18,"minecraft:calcite":35,"minecraft:iron_pickaxe":2,"minecraft:light_gray_wool":3,"minecraft:furnace":2,"minecraft:raw_iron":26,"minecraft:torch":31,"iceandfire:silver_ore":18,"tombstone:grave_dust":7,"minecraft:redstone":222,"minecraft:arrow":2,"minecraft:rotten_flesh":20,"minecraft:cooked_cod":9,"minecraft:hay_block":9,"alexsmobs:flying_fish":2,"minecraft:cod":11,"minecraft:white_wool":4,"minecraft:cobblestone":157,"minecraft:birch_log":20,"minecraft:magma_block":19,"minecraft:andesite":1,"minecraft:salmon":4,"minecraft:birch_planks":1,"minecraft:tuff":5,"minecraft:lapis_lazuli":41,"tombstone:gift":1,"minecraft:dirt":18,"minecraft:white_banner":1,"comforts:sleeping_bag_light_gray":2,"minecraft:bone":9,"minecraft:raw_gold":10,"minecraft:iron_ingot":1,"minecraft:smooth_basalt":19,"minecraft:raw_iron_block":2,"minecraft:gravel":4,"minecraft:ink_sac":2,"minecraft:spruce_log":13,"alexsmobs:animal_dictionary":1,"minecraft:diamond":12,"minecraft:crossbow":1,"minecraft:emerald":2,"minecraft:coal":77},"minecraft:mined":{"minecraft:tuff":5,"minecraft:spruce_planks":1,"iceandfire:silver_ore":19,"minecraft:deepslate_diamond_ore":13,"minecraft:budding_amethyst":1,"minecraft:grass_block":9,"minecraft:spruce_leaves":6,"minecraft:hay_block":8,"minecraft:raw_iron_block":2,"minecraft:magma_block":10,"minecraft:furnace":2,"iceandfire:copper_ore":1,"minecraft:iron_ore":3,"minecraft:fire":7,"minecraft:andesite":1,"minecraft:deepslate_lapis_ore":7,"minecraft:deepslate_iron_ore":24,"minecraft:stone":143,"minecraft:white_wool":4,"minecraft:redstone_wall_torch":5,"minecraft:deepslate_redstone_ore":23,"minecraft:blackstone":147,"minecraft:crafting_table":4,"minecraft:torch":22,"minecraft:calcite":34,"minecraft:cobblestone":16,"comforts:sleeping_bag_light_gray":1,"minecraft:deepslate_gold_ore":11,"minecraft:wall_torch":8,"minecraft:amethyst_block":3,"minecraft:deepslate_copper_ore":1,"minecraft:birch_planks":1,"minecraft:coarse_dirt":9,"minecraft:birch_log":20,"minecraft:redstone_torch":13,"minecraft:spruce_log":13,"minecraft:birch_leaves":1,"minecraft:light_gray_wool":3,"minecraft:coal_ore":77,"minecraft:dirt":13,"minecraft:smooth_basalt":20,"minecraft:deepslate":71}},"DataVersion":2975}