{"stats":{"minecraft:dropped":{"alexsmobs:animal_dictionary":1,"minecraft:redstone_torch":1,"minecraft:iron_pickaxe":2},"minecraft:used":{"minecraft:stone_sword":8,"minecraft:stone_pickaxe":39,"minecraft:blackstone":45,"minecraft:wooden_pickaxe":16,"minecraft:torch":93,"minecraft:dirt":5,"minecraft:crafting_table":5,"iceandfire:armor_silver_metal_helmet":1,"iceandfire:armor_silver_metal_chestplate":1,"minecraft:redstone_torch":5,"minecraft:diamond_pickaxe":22,"minecraft:apple":3,"minecraft:bread":3,"minecraft:iron_pickaxe":255,"minecraft:iron_boots":1,"tombstone:grave_key":1,"minecraft:smooth_basalt":12,"minecraft:cobblestone":3,"minecraft:furnace":3,"tombstone:gift":2,"minecraft:coarse_dirt":1,"minecraft:cobbled_deepslate":3,"minecraft:iron_leggings":1},"minecraft:broken":{"minecraft:iron_pickaxe":1},"minecraft:crafted":{"minecraft:raw_iron":18,"iceandfire:silver_ingot":13,"minecraft:crafting_table":2,"minecraft:spruce_planks":52,"minecraft:wooden_pickaxe":1,"minecraft:furnace":2,"iceandfire:armor_silver_metal_helmet":1,"iceandfire:armor_silver_metal_chestplate":1,"minecraft:iron_boots":1,"minecraft:diamond_pickaxe":1,"minecraft:shield":1,"minecraft:stick":36,"minecraft:iron_ingot":16,"minecraft:iron_pickaxe":1,"minecraft:stone_pickaxe":1,"minecraft:stone_sword":1,"minecraft:iron_leggings":1,"minecraft:redstone_torch":4,"minecraft:torch":76},"minecraft:killed":{"minecraft:spider":1},"minecraft:custom":{"minecraft:interact_with_furnace":12,"minecraft:mob_kills":1,"minecraft:interact_with_crafting_table":15,"minecraft:time_since_death":22390,"minecraft:time_since_rest":22422,"minecraft:sprint_one_cm":63918,"minecraft:damage_taken":565,"minecraft:walk_one_cm":185142,"minecraft:drop":4,"minecraft:damage_dealt":360,"minecraft:swim_one_cm":8878,"minecraft:fly_one_cm":65609,"minecraft:open_chest":1,"minecraft:crouch_one_cm":16029,"minecraft:play_time":67751,"minecraft:deaths":1,"minecraft:sneak_time":4886,"minecraft:walk_under_water_one_cm":2280,"minecraft:jump":792,"minecraft:walk_on_water_one_cm":4998,"minecraft:total_world_time":67751,"minecraft:fall_one_cm":23053},"minecraft:picked_up":{"minecraft:magma_block":19,"minecraft:crafting_table":4,"minecraft:coarse_dirt":1,"minecraft:tuff":5,"minecraft:lapis_lazuli":17,"minecraft:string":2,"minecraft:dirt":5,"minecraft:blackstone":82,"minecraft:cobbled_deepslate":37,"minecraft:raw_gold":6,"minecraft:spruce_planks":1,"minecraft:redstone_torch":2,"minecraft:iron_pickaxe":2,"minecraft:furnace":2,"minecraft:raw_iron":22,"minecraft:smooth_basalt":12,"minecraft:torch":19,"minecraft:raw_iron_block":2,"iceandfire:silver_ore":13,"minecraft:spruce_log":13,"minecraft:redstone":94,"alexsmobs:animal_dictionary":1,"minecraft:diamond":11,"minecraft:coal":34,"minecraft:cobblestone":46},"minecraft:mined":{"minecraft:deepslate_redstone_ore":23,"minecraft:tuff":5,"minecraft:spruce_planks":1,"iceandfire:silver_ore":13,"minecraft:blackstone":89,"minecraft:deepslate_diamond_ore":11,"minecraft:crafting_table":4,"minecraft:torch":10,"minecraft:cobblestone":16,"minecraft:spruce_leaves":6,"minecraft:deepslate_gold_ore":7,"minecraft:wall_torch":8,"minecraft:magma_block":10,"minecraft:coarse_dirt":2,"minecraft:raw_iron_block":2,"minecraft:furnace":2,"minecraft:iron_ore":3,"minecraft:redstone_torch":2,"minecraft:fire":7,"minecraft:spruce_log":13,"minecraft:deepslate_lapis_ore":3,"minecraft:coal_ore":34,"minecraft:deepslate_iron_ore":20,"minecraft:dirt":7,"minecraft:smooth_basalt":14,"minecraft:stone":32,"minecraft:deepslate":38}},"DataVersion":2975}