{"stats":{"minecraft:dropped":{"minecraft:enchanted_book":1,"minecraft:iron_sword":1,"minecraft:glow_ink_sac":8,"minecraft:crafting_table":1,"minecraft:prismarine_shard":2,"minecraft:crossbow":1,"minecraft:cobblestone":78,"minecraft:spectral_arrow":18,"minecraft:coal":4,"minecraft:cod":1,"minecraft:stick":9,"minecraft:dirt":13,"mca:book_romance":1,"illagerinvasion:platinum_chunk":6,"minecraft:ink_sac":2,"iceandfire:silver_sword":1,"minecraft:cooked_cod":1,"alexsmobs:flying_fish":2,"minecraft:cooked_salmon":1,"minecraft:fire_charge":1,"minecraft:iron_pickaxe":2,"minecraft:string":5,"minecraft:gold_ingot":21,"minecraft:white_wool":1,"minecraft:smooth_basalt":2,"minecraft:bone":17,"minecraft:redstone":176,"minecraft:gravel":24,"minecraft:blackstone":55,"minecraft:iron_nugget":25,"minecraft:stone_sword":1,"minecraft:cobbled_deepslate":150,"minecraft:coarse_dirt":7,"alexsmobs:animal_dictionary":2,"minecraft:raw_copper":3,"minecraft:nether_brick":14,"minecraft:tuff":19,"alexsmobs:pigshoes":1,"minecraft:rotten_flesh":9,"magistuarmory:woolen_fabric":9,"minecraft:iron_boots":1,"minecraft:blaze_powder":8,"betteranimalsplus:wolf_pelt_snowy":1,"minecraft:diamond_pickaxe":1,"minecraft:andesite":7,"minecraft:redstone_torch":2,"minecraft:arrow":10,"minecraft:bow":1,"minecraft:stone_pickaxe":1,"minecraft:raw_gold":1,"minecraft:calcite":35,"minecraft:magma_block":5,"minecraft:quartz":1,"minecraft:netherrack":174},"minecraft:used":{"minecraft:stone_sword":89,"minecraft:flint_and_steel":1,"minecraft:shield":57,"minecraft:iron_sword":204,"minecraft:cooked_salmon":2,"minecraft:rotten_flesh":6,"minecraft:netherrack":1,"minecraft:torch":257,"minecraft:dirt":5,"iceandfire:armor_silver_metal_helmet":1,"minecraft:obsidian":13,"minecraft:iron_boots":1,"minecraft:smooth_basalt":17,"minecraft:magma_block":5,"minecraft:furnace":6,"minecraft:cooked_cod":8,"tombstone:gift":8,"minecraft:cobbled_deepslate":119,"minecraft:iron_leggings":1,"comforts:sleeping_bag_light_gray":4,"minecraft:water_bucket":3,"minecraft:birch_planks":1,"minecraft:stone_pickaxe":39,"minecraft:blackstone":86,"minecraft:wooden_pickaxe":16,"minecraft:crafting_table":15,"magistuarmory:diamond_zweihander":30,"minecraft:crossbow":1,"magistuarmory:diamond_flamebladedsword":14,"minecraft:cod":4,"iceandfire:armor_silver_metal_chestplate":1,"minecraft:redstone_torch":21,"minecraft:diamond_pickaxe":2030,"minecraft:apple":3,"minecraft:diamond_shovel":25,"minecraft:crying_obsidian":3,"minecraft:bread":27,"minecraft:iron_pickaxe":255,"tombstone:grave_key":8,"minecraft:gravel":16,"minecraft:cobblestone":122,"minecraft:bucket":5,"minecraft:andesite":1,"minecraft:birch_log":5,"minecraft:coarse_dirt":1},"minecraft:broken":{"minecraft:diamond_pickaxe":1,"minecraft:iron_pickaxe":1},"minecraft:killed_by":{"alexsmobs:frilled_shark":1,"minecraft:pillager":1,"betteranimalsplus:shark":6,"minecraft:skeleton":1,"minecraft:blaze":1,"minecraft:zombie":1},"minecraft:crafted":{"minecraft:raw_iron":18,"minecraft:blaze_powder":8,"minecraft:furnace":3,"minecraft:diamond_shovel":1,"minecraft:flint_and_steel":1,"magistuarmory:diamond_zweihander":1,"magistuarmory:hilt":4,"iceandfire:armor_silver_metal_chestplate":1,"minecraft:iron_boots":1,"minecraft:stone_pickaxe":1,"magistuarmory:woolen_fabric":9,"magistuarmory:diamond_flamebladedsword":1,"minecraft:golden_boots":1,"minecraft:wheat":72,"paraglider:paraglider":1,"magistuarmory:diamond_shortsword":1,"iceandfire:silver_ingot":26,"minecraft:crafting_table":4,"minecraft:spruce_planks":52,"minecraft:wooden_pickaxe":1,"minecraft:iron_sword":1,"minecraft:bucket":1,"minecraft:birch_planks":84,"comforts:sleeping_bag_light_gray":1,"minecraft:bread":24,"iceandfire:armor_silver_metal_helmet":1,"minecraft:diamond_pickaxe":2,"minecraft:shield":2,"minecraft:stick":112,"minecraft:iron_pickaxe":1,"minecraft:iron_ingot":32,"minecraft:stone_sword":1,"minecraft:gold_ingot":20,"minecraft:iron_leggings":1,"minecraft:redstone_torch":5,"minecraft:torch":248,"iceandfire:silver_sword":1,"magistuarmory:leather_strip":6},"minecraft:killed":{"alexsmobs:dropbear":2,"betteranimalsplus:nautilus":2,"minecraft:zombified_piglin":8,"minecraft:spider":4,"minecraft:skeleton":14,"minecraft:chicken":2,"minecraft:drowned":1,"betteranimalsplus:eel_saltwater":1,"alexsmobs:flying_fish":1,"betteranimalsplus:shark":5,"minecraft:piglin":1,"minecraft:salmon":1,"minecraft:hoglin":1,"alexsmobs:crimson_mosquito":1,"minecraft:pillager":12,"minecraft:zombie":17,"betteranimalsplus:jellyfish":6,"minecraft:wither_skeleton":3,"minecraft:blaze":8},"minecraft:custom":{"minecraft:mob_kills":95,"minecraft:interact_with_crafting_table":39,"minecraft:interact_with_campfire":12,"minecraft:bell_ring":23,"minecraft:damage_dealt_resisted":144,"minecraft:time_since_death":2468,"minecraft:climb_one_cm":424,"minecraft:sprint_one_cm":326729,"minecraft:walk_one_cm":910814,"minecraft:damage_blocked_by_shield":2070,"minecraft:drop":115,"minecraft:play_time":265751,"minecraft:deaths":15,"minecraft:sneak_time":13662,"minecraft:walk_under_water_one_cm":95360,"minecraft:jump":3584,"minecraft:walk_on_water_one_cm":62504,"minecraft:total_world_time":265751,"minecraft:interact_with_furnace":24,"tombstone:raider_killed":20,"minecraft:sleep_in_bed":4,"minecraft:time_since_rest":2492,"minecraft:damage_taken":6089,"minecraft:damage_dealt":17879,"minecraft:swim_one_cm":74266,"minecraft:fly_one_cm":287851,"minecraft:open_chest":3,"minecraft:crouch_one_cm":37205,"tombstone:undead_killed":43,"minecraft:fall_one_cm":75909},"minecraft:picked_up":{"minecraft:coarse_dirt":8,"minecraft:crafting_table":13,"illagerinvasion:platinum_chunk":6,"minecraft:chicken":2,"iceandfire:copper_ore":10,"minecraft:prismarine_shard":2,"minecraft:enchanted_book":2,"minecraft:nether_brick":14,"minecraft:amethyst_block":3,"alexsmobs:pigshoes":1,"minecraft:string":5,"minecraft:raw_copper":3,"minecraft:cooked_salmon":4,"minecraft:blackstone":141,"alexsmobs:serrated_shark_tooth":1,"alexsmobs:dropbear_claw":2,"minecraft:gold_nugget":58,"minecraft:cobbled_deepslate":256,"minecraft:bucket":2,"minecraft:spruce_planks":1,"minecraft:redstone_torch":18,"minecraft:calcite":35,"minecraft:iron_nugget":25,"minecraft:iron_pickaxe":2,"minecraft:light_gray_wool":3,"minecraft:furnace":4,"minecraft:raw_iron":32,"minecraft:torch":38,"minecraft:porkchop":4,"iceandfire:silver_ore":26,"minecraft:fire_charge":1,"tombstone:grave_dust":14,"minecraft:redstone":245,"minecraft:arrow":10,"minecraft:rotten_flesh":22,"minecraft:cooked_cod":9,"minecraft:hay_block":9,"minecraft:blaze_powder":4,"minecraft:blaze_rod":5,"minecraft:gold_ingot":5,"minecraft:obsidian":14,"alexsmobs:flying_fish":2,"minecraft:cod":11,"minecraft:white_wool":4,"minecraft:cobblestone":229,"minecraft:birch_log":26,"minecraft:magma_block":19,"betteranimalsplus:wolf_pelt_snowy":1,"minecraft:glow_ink_sac":8,"minecraft:andesite":8,"minecraft:salmon":4,"paraglider:spirit_orb":2,"minecraft:leather":9,"minecraft:birch_planks":1,"minecraft:flint":1,"minecraft:tuff":19,"minecraft:ancient_debris":2,"minecraft:lapis_lazuli":41,"tombstone:gift":2,"minecraft:dirt":18,"minecraft:white_banner":1,"comforts:sleeping_bag_light_gray":4,"minecraft:bone":18,"minecraft:bow":1,"minecraft:raw_gold":45,"minecraft:iron_ingot":1,"minecraft:soul_sand":28,"minecraft:smooth_basalt":19,"minecraft:quartz":1,"minecraft:raw_iron_block":2,"minecraft:gravel":40,"minecraft:ink_sac":2,"minecraft:spruce_log":13,"minecraft:crying_obsidian":3,"minecraft:spectral_arrow":18,"alexsmobs:animal_dictionary":1,"minecraft:diamond":20,"iceandfire:silver_sword":1,"magistuarmory:leather_strip":2,"minecraft:crossbow":1,"minecraft:emerald":2,"minecraft:netherrack":171,"minecraft:coal":81,"minecraft:diamond_pickaxe":1},"minecraft:mined":{"minecraft:infested_deepslate":1,"minecraft:nether_gold_ore":14,"minecraft:tuff":19,"minecraft:spruce_planks":1,"iceandfire:silver_ore":27,"minecraft:deepslate_diamond_ore":20,"minecraft:obsidian":14,"minecraft:budding_amethyst":1,"minecraft:grass_block":9,"minecraft:soul_soil":3,"minecraft:spruce_leaves":6,"minecraft:spawner":1,"minecraft:hay_block":8,"minecraft:raw_iron_block":2,"minecraft:magma_block":10,"minecraft:furnace":4,"iceandfire:copper_ore":10,"minecraft:iron_ore":10,"minecraft:cobbled_deepslate":1,"minecraft:fire":7,"minecraft:andesite":8,"minecraft:deepslate_lapis_ore":7,"minecraft:deepslate_iron_ore":24,"minecraft:stone":192,"minecraft:white_wool":4,"minecraft:redstone_wall_torch":5,"minecraft:deepslate_redstone_ore":28,"minecraft:soul_sand":28,"minecraft:blackstone":172,"minecraft:crafting_table":13,"minecraft:torch":27,"minecraft:calcite":34,"minecraft:nether_quartz_ore":7,"minecraft:cobblestone":51,"comforts:sleeping_bag_light_gray":1,"minecraft:deepslate_gold_ore":17,"minecraft:wall_torch":10,"minecraft:amethyst_block":3,"minecraft:deepslate_copper_ore":1,"minecraft:birch_planks":1,"minecraft:coarse_dirt":9,"minecraft:birch_log":26,"minecraft:redstone_torch":13,"minecraft:spruce_log":13,"minecraft:birch_leaves":1,"minecraft:light_gray_wool":3,"minecraft:coal_ore":77,"minecraft:gravel":41,"minecraft:dirt":13,"minecraft:smooth_basalt":20,"minecraft:ancient_debris":2,"minecraft:netherrack":1214,"minecraft:gold_ore":9,"minecraft:deepslate":269}},"DataVersion":2975}