{"stats":{"minecraft:dropped":{"alexsmobs:animal_dictionary":1,"minecraft:redstone_torch":1,"minecraft:iron_pickaxe":2},"minecraft:used":{"minecraft:stone_sword":87,"minecraft:stone_pickaxe":39,"minecraft:blackstone":57,"minecraft:shield":14,"minecraft:wooden_pickaxe":16,"minecraft:torch":107,"minecraft:dirt":5,"minecraft:crafting_table":5,"iceandfire:armor_silver_metal_helmet":1,"iceandfire:armor_silver_metal_chestplate":1,"minecraft:redstone_torch":21,"minecraft:diamond_pickaxe":239,"minecraft:apple":3,"minecraft:bread":3,"minecraft:iron_pickaxe":255,"minecraft:iron_boots":1,"tombstone:grave_key":1,"minecraft:gravel":4,"minecraft:smooth_basalt":17,"minecraft:magma_block":5,"minecraft:cobblestone":62,"minecraft:furnace":3,"tombstone:gift":2,"minecraft:coarse_dirt":1,"minecraft:cobbled_deepslate":3,"minecraft:iron_leggings":1},"minecraft:broken":{"minecraft:iron_pickaxe":1},"minecraft:killed_by":{"minecraft:skeleton":1,"minecraft:zombie":1},"minecraft:crafted":{"minecraft:raw_iron":18,"iceandfire:silver_ingot":13,"minecraft:crafting_table":2,"minecraft:spruce_planks":52,"minecraft:wooden_pickaxe":1,"minecraft:furnace":2,"iceandfire:armor_silver_metal_helmet":1,"iceandfire:armor_silver_metal_chestplate":1,"minecraft:iron_boots":1,"minecraft:diamond_pickaxe":1,"minecraft:shield":1,"minecraft:stick":36,"minecraft:iron_ingot":16,"minecraft:iron_pickaxe":1,"minecraft:stone_pickaxe":1,"minecraft:stone_sword":1,"minecraft:iron_leggings":1,"minecraft:redstone_torch":5,"minecraft:torch":80},"minecraft:killed":{"minecraft:spider":4,"minecraft:skeleton":2,"minecraft:zombie":11,"minecraft:drowned":1},"minecraft:custom":{"minecraft:interact_with_furnace":12,"minecraft:mob_kills":18,"tombstone:raider_killed":8,"minecraft:interact_with_crafting_table":15,"minecraft:bell_ring":5,"minecraft:time_since_death":2501,"minecraft:sleep_in_bed":1,"minecraft:time_since_rest":181,"minecraft:sprint_one_cm":96698,"minecraft:damage_taken":1128,"minecraft:walk_one_cm":278785,"minecraft:damage_blocked_by_shield":435,"minecraft:drop":4,"minecraft:damage_dealt":3830,"minecraft:swim_one_cm":9763,"minecraft:fly_one_cm":91266,"minecraft:open_chest":1,"minecraft:crouch_one_cm":16659,"minecraft:play_time":91751,"tombstone:undead_killed":14,"minecraft:deaths":3,"minecraft:sneak_time":5235,"minecraft:walk_under_water_one_cm":7656,"minecraft:jump":1275,"minecraft:walk_on_water_one_cm":10464,"minecraft:total_world_time":91751,"minecraft:fall_one_cm":30856},"minecraft:picked_up":{"minecraft:magma_block":19,"minecraft:crafting_table":4,"minecraft:coarse_dirt":8,"minecraft:tuff":5,"minecraft:amethyst_block":3,"minecraft:lapis_lazuli":17,"minecraft:string":5,"minecraft:dirt":6,"minecraft:blackstone":82,"minecraft:cobbled_deepslate":53,"minecraft:raw_gold":6,"minecraft:spruce_planks":1,"minecraft:redstone_torch":18,"minecraft:calcite":29,"minecraft:iron_pickaxe":2,"minecraft:furnace":2,"minecraft:raw_iron":26,"minecraft:smooth_basalt":17,"minecraft:torch":29,"minecraft:gravel":4,"minecraft:raw_iron_block":2,"iceandfire:silver_ore":13,"tombstone:grave_dust":2,"minecraft:spruce_log":13,"minecraft:redstone":94,"alexsmobs:animal_dictionary":1,"minecraft:rotten_flesh":10,"minecraft:diamond":11,"minecraft:coal":62,"minecraft:cobblestone":156},"minecraft:mined":{"minecraft:deepslate_redstone_ore":23,"minecraft:tuff":5,"minecraft:spruce_planks":1,"iceandfire:silver_ore":13,"minecraft:blackstone":89,"minecraft:deepslate_diamond_ore":11,"minecraft:crafting_table":4,"minecraft:torch":20,"minecraft:budding_amethyst":1,"minecraft:grass_block":1,"minecraft:calcite":28,"minecraft:cobblestone":16,"minecraft:spruce_leaves":6,"minecraft:deepslate_gold_ore":7,"minecraft:wall_torch":8,"minecraft:amethyst_block":3,"minecraft:magma_block":10,"minecraft:coarse_dirt":9,"minecraft:raw_iron_block":2,"minecraft:furnace":2,"minecraft:iron_ore":3,"minecraft:redstone_torch":13,"minecraft:fire":7,"minecraft:spruce_log":13,"minecraft:deepslate_lapis_ore":3,"minecraft:coal_ore":62,"minecraft:deepslate_iron_ore":24,"minecraft:dirt":7,"minecraft:smooth_basalt":18,"minecraft:stone":142,"minecraft:redstone_wall_torch":5,"minecraft:deepslate":54}},"DataVersion":2975}