{"stats":{"minecraft:dropped":{"minecraft:crafting_table":1,"minecraft:crossbow":1,"minecraft:cobblestone":54,"minecraft:cod":1,"minecraft:stick":1,"minecraft:dirt":13,"mca:book_romance":1,"illagerinvasion:platinum_chunk":3,"minecraft:ink_sac":2,"minecraft:cooked_cod":1,"alexsmobs:flying_fish":2,"minecraft:cooked_salmon":1,"minecraft:iron_pickaxe":2,"minecraft:string":5,"minecraft:white_wool":1,"minecraft:bone":3,"minecraft:redstone":153,"minecraft:blackstone":25,"minecraft:stone_sword":1,"minecraft:cobbled_deepslate":87,"minecraft:coarse_dirt":7,"alexsmobs:animal_dictionary":2,"minecraft:raw_copper":3,"minecraft:tuff":5,"minecraft:rotten_flesh":9,"magistuarmory:woolen_fabric":9,"minecraft:redstone_torch":2,"minecraft:stone_pickaxe":1,"minecraft:calcite":35,"minecraft:magma_block":5},"minecraft:used":{"minecraft:stone_sword":89,"minecraft:shield":52,"minecraft:iron_sword":199,"minecraft:cooked_salmon":2,"minecraft:rotten_flesh":6,"minecraft:torch":242,"minecraft:dirt":5,"iceandfire:armor_silver_metal_helmet":1,"minecraft:iron_boots":1,"minecraft:smooth_basalt":17,"minecraft:magma_block":5,"minecraft:furnace":4,"minecraft:cooked_cod":8,"tombstone:gift":6,"minecraft:cobbled_deepslate":95,"minecraft:iron_leggings":1,"comforts:sleeping_bag_light_gray":2,"minecraft:birch_planks":1,"minecraft:stone_pickaxe":39,"minecraft:blackstone":57,"minecraft:wooden_pickaxe":16,"minecraft:crafting_table":7,"minecraft:crossbow":1,"minecraft:cod":4,"iceandfire:armor_silver_metal_chestplate":1,"minecraft:redstone_torch":21,"minecraft:diamond_pickaxe":634,"minecraft:apple":3,"minecraft:bread":10,"minecraft:iron_pickaxe":255,"tombstone:grave_key":5,"minecraft:gravel":4,"minecraft:cobblestone":82,"minecraft:andesite":1,"minecraft:birch_log":5,"minecraft:coarse_dirt":1},"minecraft:broken":{"minecraft:iron_pickaxe":1},"minecraft:killed_by":{"alexsmobs:frilled_shark":1,"minecraft:pillager":1,"betteranimalsplus:shark":6,"minecraft:skeleton":1,"minecraft:zombie":1},"minecraft:crafted":{"minecraft:raw_iron":18,"minecraft:furnace":2,"iceandfire:armor_silver_metal_chestplate":1,"minecraft:iron_boots":1,"minecraft:stone_pickaxe":1,"magistuarmory:woolen_fabric":9,"minecraft:wheat":72,"iceandfire:silver_ingot":13,"minecraft:crafting_table":4,"minecraft:spruce_planks":52,"minecraft:wooden_pickaxe":1,"minecraft:iron_sword":1,"minecraft:birch_planks":60,"comforts:sleeping_bag_light_gray":1,"minecraft:bread":24,"iceandfire:armor_silver_metal_helmet":1,"minecraft:diamond_pickaxe":1,"minecraft:shield":2,"minecraft:stick":84,"minecraft:iron_pickaxe":1,"minecraft:iron_ingot":26,"minecraft:stone_sword":1,"minecraft:iron_leggings":1,"minecraft:redstone_torch":5,"minecraft:torch":248},"minecraft:killed":{"betteranimalsplus:nautilus":2,"minecraft:spider":4,"minecraft:skeleton":11,"minecraft:chicken":2,"minecraft:drowned":1,"betteranimalsplus:eel_saltwater":1,"alexsmobs:flying_fish":1,"betteranimalsplus:shark":5,"minecraft:salmon":1,"minecraft:pillager":12,"minecraft:zombie":17,"betteranimalsplus:jellyfish":6},"minecraft:custom":{"minecraft:mob_kills":67,"minecraft:interact_with_crafting_table":24,"minecraft:interact_with_campfire":12,"minecraft:bell_ring":23,"minecraft:damage_dealt_resisted":144,"minecraft:time_since_death":61916,"minecraft:climb_one_cm":424,"minecraft:sprint_one_cm":259466,"minecraft:walk_one_cm":643121,"minecraft:damage_blocked_by_shield":1900,"minecraft:drop":49,"minecraft:play_time":187751,"minecraft:deaths":12,"minecraft:sneak_time":10554,"minecraft:walk_under_water_one_cm":92282,"minecraft:jump":2940,"minecraft:walk_on_water_one_cm":60315,"minecraft:total_world_time":187751,"minecraft:interact_with_furnace":15,"tombstone:raider_killed":20,"minecraft:sleep_in_bed":2,"minecraft:time_since_rest":58458,"minecraft:damage_taken":4605,"minecraft:damage_dealt":13516,"minecraft:swim_one_cm":68932,"minecraft:fly_one_cm":229335,"minecraft:open_chest":3,"minecraft:crouch_one_cm":30275,"tombstone:undead_killed":29,"minecraft:fall_one_cm":65828},"minecraft:picked_up":{"minecraft:coarse_dirt":8,"minecraft:crafting_table":5,"illagerinvasion:platinum_chunk":6,"minecraft:chicken":2,"iceandfire:copper_ore":10,"minecraft:prismarine_shard":2,"minecraft:enchanted_book":1,"minecraft:amethyst_block":3,"minecraft:string":5,"minecraft:raw_copper":3,"minecraft:cooked_salmon":4,"minecraft:blackstone":129,"alexsmobs:serrated_shark_tooth":1,"minecraft:cobbled_deepslate":256,"minecraft:spruce_planks":1,"minecraft:redstone_torch":18,"minecraft:calcite":35,"minecraft:iron_pickaxe":2,"minecraft:light_gray_wool":3,"minecraft:furnace":2,"minecraft:raw_iron":32,"minecraft:torch":36,"iceandfire:silver_ore":26,"tombstone:grave_dust":10,"minecraft:redstone":245,"minecraft:arrow":9,"minecraft:rotten_flesh":20,"minecraft:cooked_cod":9,"minecraft:hay_block":9,"alexsmobs:flying_fish":2,"minecraft:cod":11,"minecraft:white_wool":4,"minecraft:cobblestone":157,"minecraft:birch_log":20,"minecraft:magma_block":19,"betteranimalsplus:wolf_pelt_snowy":1,"minecraft:glow_ink_sac":8,"minecraft:andesite":8,"minecraft:salmon":4,"minecraft:birch_planks":1,"minecraft:tuff":14,"minecraft:lapis_lazuli":41,"tombstone:gift":1,"minecraft:dirt":18,"minecraft:white_banner":1,"comforts:sleeping_bag_light_gray":2,"minecraft:bone":17,"minecraft:bow":1,"minecraft:raw_gold":25,"minecraft:iron_ingot":1,"minecraft:smooth_basalt":19,"minecraft:raw_iron_block":2,"minecraft:gravel":4,"minecraft:ink_sac":2,"minecraft:spruce_log":13,"alexsmobs:animal_dictionary":1,"minecraft:diamond":20,"minecraft:crossbow":1,"minecraft:emerald":2,"minecraft:coal":77},"minecraft:mined":{"minecraft:infested_deepslate":1,"minecraft:tuff":14,"minecraft:spruce_planks":1,"iceandfire:silver_ore":27,"minecraft:deepslate_diamond_ore":20,"minecraft:budding_amethyst":1,"minecraft:grass_block":9,"minecraft:spruce_leaves":6,"minecraft:hay_block":8,"minecraft:raw_iron_block":2,"minecraft:magma_block":10,"minecraft:furnace":2,"iceandfire:copper_ore":10,"minecraft:iron_ore":10,"minecraft:cobbled_deepslate":1,"minecraft:fire":7,"minecraft:andesite":8,"minecraft:deepslate_lapis_ore":7,"minecraft:deepslate_iron_ore":24,"minecraft:stone":143,"minecraft:white_wool":4,"minecraft:redstone_wall_torch":5,"minecraft:deepslate_redstone_ore":28,"minecraft:blackstone":147,"minecraft:crafting_table":5,"minecraft:torch":25,"minecraft:calcite":34,"minecraft:cobblestone":16,"comforts:sleeping_bag_light_gray":1,"minecraft:deepslate_gold_ore":17,"minecraft:wall_torch":10,"minecraft:amethyst_block":3,"minecraft:deepslate_copper_ore":1,"minecraft:birch_planks":1,"minecraft:coarse_dirt":9,"minecraft:birch_log":20,"minecraft:redstone_torch":13,"minecraft:spruce_log":13,"minecraft:birch_leaves":1,"minecraft:light_gray_wool":3,"minecraft:coal_ore":77,"minecraft:dirt":13,"minecraft:smooth_basalt":20,"minecraft:gold_ore":9,"minecraft:deepslate":269}},"DataVersion":2975}