{"stats":{"minecraft:dropped":{"minecraft:stone_hoe":1,"alexsmobs:animal_dictionary":1,"minecraft:raw_iron":56,"minecraft:rotten_flesh":1,"tombstone:grave_dust":1,"minecraft:spider_eye":1,"minecraft:stone_pickaxe":4},"minecraft:used":{"minecraft:beetroot":1,"minecraft:stone_sword":97,"minecraft:iron_shovel":35,"minecraft:birch_planks":10,"minecraft:stone_pickaxe":180,"minecraft:oak_planks":8,"minecraft:blackstone":12,"minecraft:iron_sword":32,"minecraft:stone_hoe":2,"minecraft:torch":39,"minecraft:glow_berries":7,"minecraft:crafting_table":2,"minecraft:carrot":18,"minecraft:granite":5,"minecraft:wooden_axe":11,"minecraft:iron_pickaxe":125,"tombstone:grave_key":6,"minecraft:gravel":3,"minecraft:stone_axe":37,"minecraft:cobblestone":75,"tombstone:gift":3,"minecraft:yellow_bed":1,"minecraft:sea_pickle":4,"minecraft:cobbled_deepslate":12,"minecraft:bone_meal":18},"minecraft:killed_by":{"minecraft:player":2,"minecraft:skeleton":2,"minecraft:creeper":3,"minecraft:zombie":3},"minecraft:crafted":{"minecraft:oak_planks":76,"minecraft:crafting_table":1,"minecraft:iron_helmet":1,"minecraft:iron_sword":1,"minecraft:bone_meal":18,"minecraft:birch_planks":44,"minecraft:stone_axe":1,"minecraft:air":0,"comforts:sleeping_bag_yellow":1,"minecraft:iron_boots":1,"minecraft:iron_chestplate":1,"minecraft:stick":8,"minecraft:iron_ingot":40,"minecraft:iron_pickaxe":1,"minecraft:stone_pickaxe":1,"minecraft:wooden_axe":1,"minecraft:stone_sword":1,"minecraft:iron_shovel":1,"minecraft:iron_leggings":1},"minecraft:killed":{"minecraft:creeper":2,"minecraft:skeleton":11,"minecraft:zombie":13},"minecraft:custom":{"minecraft:interact_with_furnace":13,"minecraft:mob_kills":29,"minecraft:interact_with_crafting_table":18,"minecraft:damage_dealt_resisted":93,"minecraft:leave_game":1,"minecraft:time_since_death":2396,"minecraft:sleep_in_bed":2,"minecraft:climb_one_cm":296,"minecraft:time_since_rest":2418,"minecraft:sprint_one_cm":260492,"minecraft:damage_taken":4660,"minecraft:walk_one_cm":221403,"minecraft:drop":11,"minecraft:damage_dealt":6021,"minecraft:damage_dealt_absorbed":37,"minecraft:play_time":100530,"minecraft:crouch_one_cm":22593,"minecraft:player_kills":1,"minecraft:swim_one_cm":28275,"minecraft:fly_one_cm":280478,"minecraft:open_chest":10,"minecraft:sneak_time":10118,"tombstone:undead_killed":24,"minecraft:deaths":14,"minecraft:walk_under_water_one_cm":5052,"minecraft:jump":2027,"minecraft:interact_with_blast_furnace":21,"minecraft:walk_on_water_one_cm":9745,"minecraft:total_world_time":100530,"minecraft:fall_one_cm":61481},"minecraft:picked_up":{"minecraft:birch_log":19,"minecraft:crafting_table":1,"minecraft:wheat":10,"minecraft:yellow_wool":3,"minecraft:birch_planks":17,"minecraft:flint":2,"minecraft:tuff":9,"minecraft:oak_log":19,"minecraft:yellow_bed":1,"minecraft:gunpowder":2,"mca:book_romance":1,"minecraft:lapis_lazuli":13,"minecraft:string":4,"minecraft:dirt":56,"minecraft:name_tag":1,"minecraft:bone":16,"minecraft:blackstone":21,"minecraft:beetroot":1,"minecraft:bow":2,"minecraft:sea_pickle":4,"minecraft:stonecutter":1,"minecraft:wheat_seeds":42,"minecraft:cobbled_deepslate":38,"minecraft:raw_gold":1,"minecraft:stone_pickaxe":6,"minecraft:oak_boat":1,"tombstone:bag_of_seeds":1,"minecraft:calcite":7,"minecraft:fletching_table":1,"minecraft:birch_sapling":1,"minecraft:stone_hoe":1,"minecraft:stick":15,"minecraft:raw_iron":105,"minecraft:torch":41,"iceandfire:silver_ore":10,"minecraft:gravel":10,"tombstone:grave_dust":1,"sophisticatedbackpacks:iron_backpack":1,"minecraft:pointed_dripstone":8,"minecraft:carrot":17,"minecraft:mossy_cobblestone":1,"minecraft:spider_eye":1,"alexsmobs:animal_dictionary":1,"minecraft:bundle":1,"minecraft:stone_sword":1,"minecraft:arrow":22,"minecraft:rotten_flesh":9,"tombstone:familiar_stone":1,"minecraft:stone_axe":1,"minecraft:beetroot_seeds":1,"minecraft:granite":5,"minecraft:oak_sapling":2,"minecraft:glow_berries":2,"minecraft:coal":25,"minecraft:snowball":18,"minecraft:cobblestone":125},"minecraft:mined":{"minecraft:tuff":4,"iceandfire:silver_ore":9,"minecraft:blackstone":16,"minecraft:mossy_cobblestone":1,"minecraft:powder_snow":1,"minecraft:crafting_table":1,"minecraft:torch":6,"minecraft:grass_block":21,"minecraft:calcite":7,"minecraft:deepslate_coal_ore":9,"minecraft:cobblestone":38,"minecraft:deepslate_gold_ore":1,"minecraft:wall_torch":5,"minecraft:large_fern":2,"minecraft:birch_planks":9,"minecraft:carrots":6,"minecraft:sea_pickle":2,"minecraft:yellow_wool":4,"minecraft:birch_log":19,"minecraft:iron_ore":19,"minecraft:wheat":25,"minecraft:cobbled_deepslate":4,"minecraft:birch_leaves":2,"minecraft:yellow_bed":1,"minecraft:coal_ore":16,"minecraft:oak_log":19,"minecraft:deepslate_iron_ore":60,"minecraft:beetroots":1,"minecraft:dirt_path":15,"minecraft:gravel":4,"minecraft:dirt":1,"minecraft:cobweb":3,"minecraft:stone":91,"minecraft:deepslate":25}},"DataVersion":2975}