{"stats":{"minecraft:dropped":{"minecraft:stone_hoe":1,"alexsmobs:animal_dictionary":1,"minecraft:raw_iron":56,"minecraft:rotten_flesh":1,"tombstone:grave_dust":1,"minecraft:spider_eye":1,"minecraft:stone_pickaxe":4},"minecraft:used":{"minecraft:beetroot":1,"minecraft:stone_sword":97,"minecraft:iron_shovel":39,"minecraft:birch_planks":10,"minecraft:stone_pickaxe":180,"minecraft:oak_planks":8,"minecraft:blackstone":12,"minecraft:shield":5,"minecraft:iron_sword":79,"minecraft:stone_hoe":2,"minecraft:torch":39,"minecraft:glow_berries":7,"minecraft:dirt":18,"minecraft:crafting_table":2,"minecraft:carrot":29,"minecraft:granite":5,"minecraft:wooden_axe":11,"minecraft:iron_pickaxe":155,"tombstone:grave_key":6,"minecraft:gravel":3,"minecraft:stone_axe":39,"minecraft:cobblestone":75,"minecraft:bow":1,"tombstone:gift":3,"minecraft:yellow_bed":1,"minecraft:sea_pickle":4,"minecraft:cobbled_deepslate":12,"minecraft:bone_meal":36},"minecraft:killed_by":{"minecraft:player":3,"minecraft:skeleton":2,"minecraft:creeper":3,"minecraft:zombie":3},"minecraft:crafted":{"minecraft:oak_planks":76,"minecraft:crafting_table":1,"minecraft:iron_helmet":1,"minecraft:iron_sword":1,"minecraft:bone_meal":66,"minecraft:birch_planks":44,"minecraft:stone_axe":1,"minecraft:air":0,"comforts:sleeping_bag_yellow":1,"minecraft:bow":1,"minecraft:iron_boots":1,"minecraft:iron_chestplate":1,"minecraft:shield":1,"minecraft:gold_ingot":3,"minecraft:stick":8,"minecraft:iron_ingot":62,"minecraft:iron_pickaxe":1,"minecraft:stone_pickaxe":1,"minecraft:wooden_axe":1,"minecraft:stone_sword":1,"minecraft:iron_shovel":1,"minecraft:iron_leggings":1},"minecraft:killed":{"minecraft:creeper":2,"minecraft:skeleton":17,"minecraft:zombie":17},"minecraft:custom":{"minecraft:interact_with_furnace":20,"minecraft:mob_kills":40,"minecraft:interact_with_crafting_table":22,"minecraft:damage_dealt_resisted":471,"minecraft:leave_game":1,"minecraft:time_since_death":2497,"minecraft:sleep_in_bed":2,"minecraft:climb_one_cm":296,"minecraft:time_since_rest":2523,"minecraft:sprint_one_cm":295027,"minecraft:damage_taken":5628,"minecraft:walk_one_cm":259965,"minecraft:damage_blocked_by_shield":160,"minecraft:drop":11,"minecraft:damage_dealt":8494,"minecraft:damage_dealt_absorbed":37,"minecraft:play_time":124530,"minecraft:crouch_one_cm":25534,"minecraft:player_kills":1,"minecraft:swim_one_cm":28275,"minecraft:fly_one_cm":328890,"minecraft:open_chest":11,"minecraft:sneak_time":11211,"tombstone:undead_killed":34,"minecraft:deaths":17,"minecraft:walk_under_water_one_cm":5052,"minecraft:jump":2357,"minecraft:interact_with_blast_furnace":21,"minecraft:walk_on_water_one_cm":9745,"minecraft:total_world_time":124530,"minecraft:fall_one_cm":77123},"minecraft:picked_up":{"minecraft:birch_log":19,"minecraft:crafting_table":1,"minecraft:wheat":15,"minecraft:yellow_wool":3,"minecraft:birch_planks":17,"minecraft:flint":2,"minecraft:tuff":11,"minecraft:oak_log":19,"minecraft:yellow_bed":1,"minecraft:gunpowder":2,"mca:book_romance":1,"minecraft:lapis_lazuli":13,"minecraft:string":4,"minecraft:dirt":56,"minecraft:name_tag":1,"minecraft:leather_boots":1,"minecraft:bone":26,"minecraft:blackstone":21,"minecraft:beetroot":1,"minecraft:bow":2,"minecraft:sea_pickle":4,"minecraft:stonecutter":1,"minecraft:wheat_seeds":57,"minecraft:cobbled_deepslate":39,"minecraft:raw_gold":1,"minecraft:stone_pickaxe":6,"minecraft:oak_boat":1,"tombstone:bag_of_seeds":1,"minecraft:calcite":7,"minecraft:fletching_table":1,"minecraft:birch_sapling":1,"minecraft:stone_hoe":1,"minecraft:stick":15,"minecraft:raw_iron":116,"minecraft:torch":41,"iceandfire:silver_ore":10,"minecraft:gravel":10,"tombstone:grave_dust":3,"sophisticatedbackpacks:iron_backpack":1,"minecraft:pointed_dripstone":8,"minecraft:carrot":28,"minecraft:mossy_cobblestone":1,"minecraft:spider_eye":1,"alexsmobs:animal_dictionary":1,"minecraft:bundle":1,"minecraft:stone_sword":1,"minecraft:arrow":46,"minecraft:rotten_flesh":13,"tombstone:familiar_stone":1,"minecraft:stone_axe":1,"minecraft:beetroot_seeds":1,"minecraft:granite":5,"minecraft:oak_sapling":2,"minecraft:glow_berries":2,"minecraft:coal":40,"minecraft:snowball":18,"minecraft:cobblestone":125},"minecraft:mined":{"minecraft:tuff":6,"iceandfire:silver_ore":9,"minecraft:blackstone":16,"minecraft:mossy_cobblestone":1,"minecraft:powder_snow":1,"minecraft:crafting_table":1,"minecraft:torch":6,"minecraft:grass_block":21,"minecraft:calcite":7,"minecraft:tall_grass":1,"minecraft:deepslate_coal_ore":24,"minecraft:cobblestone":38,"minecraft:deepslate_gold_ore":1,"minecraft:wall_torch":5,"minecraft:large_fern":2,"minecraft:birch_planks":9,"minecraft:grass":2,"minecraft:carrots":9,"minecraft:sea_pickle":2,"minecraft:yellow_wool":4,"minecraft:birch_log":19,"minecraft:iron_ore":19,"minecraft:wheat":30,"minecraft:cobbled_deepslate":5,"minecraft:birch_leaves":3,"minecraft:yellow_bed":1,"minecraft:coal_ore":16,"minecraft:oak_log":19,"minecraft:deepslate_iron_ore":71,"minecraft:beetroots":1,"minecraft:dirt_path":15,"minecraft:gravel":4,"minecraft:dirt":1,"minecraft:cobweb":3,"minecraft:stone":91,"minecraft:deepslate":25}},"DataVersion":2975}