{"stats":{"minecraft:dropped":{"alexsmobs:animal_dictionary":1},"minecraft:used":{"tombstone:grave_key":6},"minecraft:killed_by":{"minecraft:creeper":1,"minecraft:zombie":1,"minecraft:player":1},"minecraft:picked_up":{"minecraft:name_tag":1,"minecraft:wheat":1,"minecraft:arrow":14,"minecraft:rotten_flesh":2,"minecraft:beetroot":1,"minecraft:bow":1,"minecraft:stonecutter":1,"minecraft:wheat_seeds":3,"minecraft:stone_pickaxe":1,"iceandfire:silver_ore":1,"minecraft:gravel":7,"minecraft:flint":1,"minecraft:granite":5,"minecraft:oak_boat":1,"minecraft:pointed_dripstone":8,"minecraft:fletching_table":1,"minecraft:stone_hoe":1,"minecraft:snowball":12,"mca:book_romance":1,"minecraft:glow_berries":2,"minecraft:dirt":3,"minecraft:lapis_lazuli":13,"minecraft:spider_eye":1,"alexsmobs:animal_dictionary":1},"minecraft:custom":{"minecraft:time_since_rest":133,"minecraft:play_time":5176,"minecraft:sprint_one_cm":2726,"minecraft:walk_one_cm":10428,"minecraft:damage_taken":987,"minecraft:deaths":3,"minecraft:drop":1,"minecraft:jump":36,"minecraft:damage_dealt":93,"minecraft:leave_game":1,"minecraft:time_since_death":111,"minecraft:total_world_time":5176,"minecraft:fall_one_cm":1047,"minecraft:fly_one_cm":5216},"minecraft:mined":{"minecraft:large_fern":2}},"DataVersion":2975}