{"stats":{"minecraft:dropped":{"alexsmobs:animal_dictionary":1,"minecraft:raw_iron":56,"minecraft:rotten_flesh":1,"tombstone:grave_dust":1,"minecraft:spider_eye":1,"minecraft:stone_pickaxe":4},"minecraft:used":{"minecraft:beetroot":1,"minecraft:stone_sword":74,"minecraft:stone_pickaxe":169,"minecraft:oak_planks":8,"minecraft:blackstone":10,"minecraft:torch":26,"minecraft:glow_berries":7,"minecraft:crafting_table":2,"minecraft:carrot":12,"minecraft:granite":5,"minecraft:wooden_axe":11,"tombstone:grave_key":6,"minecraft:gravel":3,"minecraft:stone_axe":19,"minecraft:cobblestone":16,"tombstone:gift":2,"minecraft:yellow_bed":1,"minecraft:sea_pickle":4,"minecraft:cobbled_deepslate":12},"minecraft:killed_by":{"minecraft:player":2,"minecraft:skeleton":2,"minecraft:creeper":2,"minecraft:zombie":3},"minecraft:crafted":{"minecraft:oak_planks":76,"minecraft:crafting_table":1,"minecraft:iron_helmet":1,"minecraft:birch_planks":44,"minecraft:stone_axe":1,"minecraft:air":0,"comforts:sleeping_bag_yellow":1,"minecraft:iron_chestplate":1,"minecraft:iron_boots":1,"minecraft:stick":8,"minecraft:iron_pickaxe":1,"minecraft:iron_ingot":26,"minecraft:stone_pickaxe":1,"minecraft:wooden_axe":1,"minecraft:stone_sword":1,"minecraft:iron_leggings":1},"minecraft:killed":{"minecraft:creeper":2,"minecraft:skeleton":2,"minecraft:zombie":9},"minecraft:custom":{"minecraft:interact_with_furnace":4,"minecraft:mob_kills":16,"minecraft:interact_with_crafting_table":15,"minecraft:damage_dealt_resisted":93,"minecraft:leave_game":1,"minecraft:time_since_death":16104,"minecraft:sleep_in_bed":2,"minecraft:climb_one_cm":296,"minecraft:time_since_rest":16120,"minecraft:sprint_one_cm":165148,"minecraft:damage_taken":3453,"minecraft:walk_one_cm":148496,"minecraft:drop":10,"minecraft:damage_dealt":3136,"minecraft:player_kills":1,"minecraft:fly_one_cm":190072,"minecraft:open_chest":3,"minecraft:crouch_one_cm":11466,"minecraft:play_time":65176,"tombstone:undead_killed":11,"minecraft:deaths":10,"minecraft:sneak_time":5379,"minecraft:walk_under_water_one_cm":419,"minecraft:jump":1174,"minecraft:interact_with_blast_furnace":21,"minecraft:walk_on_water_one_cm":4560,"minecraft:total_world_time":65176,"minecraft:fall_one_cm":39201},"minecraft:picked_up":{"minecraft:birch_log":11,"minecraft:crafting_table":1,"minecraft:wheat":3,"minecraft:yellow_wool":3,"minecraft:birch_planks":8,"minecraft:flint":1,"minecraft:tuff":1,"minecraft:oak_log":19,"minecraft:yellow_bed":1,"minecraft:gunpowder":2,"mca:book_romance":1,"minecraft:lapis_lazuli":13,"minecraft:dirt":3,"minecraft:name_tag":1,"minecraft:bone":2,"minecraft:blackstone":12,"minecraft:beetroot":1,"minecraft:sea_pickle":4,"minecraft:bow":1,"minecraft:stonecutter":1,"minecraft:wheat_seeds":16,"minecraft:cobbled_deepslate":22,"minecraft:stone_pickaxe":6,"minecraft:oak_boat":1,"minecraft:calcite":7,"minecraft:fletching_table":1,"minecraft:birch_sapling":1,"minecraft:stone_hoe":1,"minecraft:stick":15,"minecraft:raw_iron":82,"minecraft:torch":35,"iceandfire:silver_ore":10,"minecraft:gravel":7,"minecraft:pointed_dripstone":8,"minecraft:carrot":8,"minecraft:mossy_cobblestone":1,"minecraft:spider_eye":1,"alexsmobs:animal_dictionary":1,"minecraft:stone_sword":1,"minecraft:arrow":14,"minecraft:rotten_flesh":7,"minecraft:stone_axe":1,"minecraft:beetroot_seeds":1,"minecraft:granite":5,"minecraft:oak_sapling":2,"minecraft:glow_berries":2,"minecraft:snowball":12,"minecraft:cobblestone":59},"minecraft:mined":{"minecraft:tuff":1,"iceandfire:silver_ore":9,"minecraft:blackstone":7,"minecraft:mossy_cobblestone":1,"minecraft:crafting_table":1,"minecraft:torch":2,"minecraft:calcite":7,"minecraft:cobblestone":27,"minecraft:wall_torch":4,"minecraft:large_fern":2,"minecraft:carrots":4,"minecraft:sea_pickle":2,"minecraft:yellow_wool":4,"minecraft:birch_log":11,"minecraft:iron_ore":15,"minecraft:cobbled_deepslate":3,"minecraft:wheat":8,"minecraft:birch_leaves":2,"minecraft:yellow_bed":1,"minecraft:deepslate_iron_ore":41,"minecraft:oak_log":19,"minecraft:beetroots":1,"minecraft:stone":35,"minecraft:deepslate":18}},"DataVersion":2975}