{"stats":{"minecraft:dropped":{"minecraft:stone_hoe":1,"tombstone:grave_dust":3,"minecraft:string":21,"alexsmobs:animal_dictionary":1,"minecraft:cobbled_deepslate":1,"minecraft:raw_iron":56,"minecraft:rotten_flesh":1,"minecraft:spider_eye":1,"minecraft:stone_pickaxe":4},"minecraft:used":{"minecraft:beetroot":1,"minecraft:stone_sword":97,"minecraft:iron_shovel":116,"minecraft:shield":8,"minecraft:iron_sword":89,"minecraft:stone_hoe":2,"minecraft:torch":39,"minecraft:dirt":18,"minecraft:carrot":34,"minecraft:granite":5,"minecraft:snowball":32,"minecraft:wooden_axe":11,"minecraft:bow":1,"tombstone:gift":3,"minecraft:cobbled_deepslate":12,"minecraft:birch_planks":10,"minecraft:oak_planks":8,"minecraft:stone_pickaxe":180,"minecraft:blackstone":12,"minecraft:glow_berries":7,"minecraft:crafting_table":2,"minecraft:iron_pickaxe":178,"tombstone:grave_key":6,"minecraft:gravel":3,"minecraft:stone_axe":40,"minecraft:cobblestone":75,"minecraft:yellow_bed":1,"minecraft:sea_pickle":4,"minecraft:bone_meal":36},"minecraft:killed_by":{"minecraft:player":3,"minecraft:creeper":3,"minecraft:skeleton":3,"minecraft:zombie":3},"minecraft:crafted":{"minecraft:oak_planks":76,"minecraft:bone_meal":69,"minecraft:bow":1,"minecraft:iron_boots":1,"minecraft:stone_pickaxe":1,"minecraft:crafting_table":1,"minecraft:iron_helmet":1,"minecraft:iron_sword":1,"minecraft:birch_planks":76,"minecraft:stone_axe":1,"minecraft:air":0,"comforts:sleeping_bag_yellow":1,"minecraft:iron_chestplate":1,"minecraft:shield":1,"minecraft:stick":8,"minecraft:iron_pickaxe":1,"minecraft:iron_ingot":62,"minecraft:wooden_axe":1,"minecraft:iron_leggings":1,"minecraft:stone_sword":1,"minecraft:iron_shovel":1,"minecraft:gold_ingot":3},"minecraft:killed":{"minecraft:skeleton":20,"minecraft:creeper":2,"minecraft:zombie":17},"minecraft:custom":{"minecraft:mob_kills":43,"minecraft:interact_with_crafting_table":22,"minecraft:damage_dealt_resisted":471,"minecraft:leave_game":2,"minecraft:time_since_death":15909,"minecraft:climb_one_cm":296,"minecraft:sprint_one_cm":333797,"minecraft:walk_one_cm":306853,"minecraft:damage_blocked_by_shield":290,"minecraft:drop":14,"minecraft:damage_dealt_absorbed":37,"minecraft:play_time":141622,"minecraft:deaths":18,"minecraft:sneak_time":12035,"minecraft:walk_under_water_one_cm":5052,"minecraft:jump":2790,"minecraft:interact_with_blast_furnace":21,"minecraft:walk_on_water_one_cm":11016,"minecraft:total_world_time":141622,"minecraft:interact_with_furnace":20,"minecraft:sleep_in_bed":3,"minecraft:time_since_rest":0,"minecraft:damage_taken":5848,"minecraft:damage_dealt":9110,"minecraft:swim_one_cm":28275,"minecraft:fly_one_cm":396082,"minecraft:player_kills":1,"minecraft:open_chest":12,"minecraft:crouch_one_cm":28028,"tombstone:undead_killed":37,"minecraft:fall_one_cm":89979},"minecraft:picked_up":{"minecraft:crafting_table":1,"minecraft:wheat":15,"minecraft:yellow_wool":3,"minecraft:string":4,"minecraft:blackstone":21,"minecraft:beetroot":1,"minecraft:sea_pickle":4,"minecraft:cobbled_deepslate":39,"minecraft:oak_boat":1,"minecraft:calcite":7,"minecraft:birch_sapling":1,"minecraft:raw_iron":116,"minecraft:stick":15,"minecraft:torch":41,"iceandfire:silver_ore":10,"minecraft:pointed_dripstone":8,"tombstone:grave_dust":3,"minecraft:carrot":28,"minecraft:rotten_flesh":13,"minecraft:stone_sword":1,"minecraft:arrow":47,"minecraft:beetroot_seeds":1,"minecraft:glow_berries":2,"minecraft:snowball":169,"minecraft:cobblestone":127,"minecraft:birch_log":19,"minecraft:birch_planks":17,"minecraft:flint":2,"minecraft:tuff":13,"minecraft:oak_log":19,"minecraft:yellow_bed":2,"minecraft:gunpowder":2,"mca:book_romance":1,"minecraft:lapis_lazuli":13,"minecraft:dirt":56,"minecraft:name_tag":1,"minecraft:leather_boots":1,"minecraft:bone":31,"minecraft:stonecutter":1,"minecraft:bow":2,"minecraft:wheat_seeds":57,"minecraft:raw_gold":1,"minecraft:stone_pickaxe":6,"tombstone:bag_of_seeds":1,"minecraft:fletching_table":1,"minecraft:stone_hoe":1,"minecraft:sweet_berries":5,"minecraft:gravel":10,"sophisticatedbackpacks:iron_backpack":1,"alexsmobs:animal_dictionary":1,"minecraft:spider_eye":1,"minecraft:mossy_cobblestone":1,"minecraft:bundle":1,"tombstone:familiar_stone":1,"minecraft:stone_axe":1,"minecraft:granite":5,"minecraft:emerald":1,"minecraft:oak_sapling":2,"minecraft:coal":54},"minecraft:mined":{"minecraft:tuff":8,"iceandfire:silver_ore":9,"minecraft:mossy_cobblestone":1,"minecraft:grass_block":21,"minecraft:large_fern":2,"minecraft:carrots":9,"minecraft:iron_ore":19,"minecraft:cobbled_deepslate":6,"minecraft:snow":31,"minecraft:deepslate_iron_ore":71,"minecraft:dirt_path":15,"minecraft:stone":91,"minecraft:blackstone":16,"minecraft:snow_block":46,"minecraft:powder_snow":1,"minecraft:crafting_table":1,"minecraft:torch":6,"minecraft:calcite":7,"minecraft:tall_grass":1,"minecraft:cobblestone":39,"minecraft:deepslate_coal_ore":38,"minecraft:deepslate_gold_ore":1,"minecraft:wall_torch":5,"minecraft:birch_planks":9,"minecraft:yellow_wool":4,"minecraft:sea_pickle":2,"minecraft:birch_log":19,"minecraft:sweet_berry_bush":2,"minecraft:wheat":30,"minecraft:birch_leaves":3,"minecraft:yellow_bed":2,"minecraft:grass":2,"minecraft:oak_log":19,"minecraft:coal_ore":16,"minecraft:beetroots":1,"minecraft:gravel":4,"minecraft:dirt":1,"minecraft:cobweb":3,"minecraft:deepslate_emerald_ore":1,"minecraft:deepslate":25}},"DataVersion":2975}