{"stats":{"minecraft:dropped":{"alexsmobs:animal_dictionary":1,"minecraft:raw_iron":56,"minecraft:rotten_flesh":1,"tombstone:grave_dust":1,"minecraft:spider_eye":1,"minecraft:stone_pickaxe":4},"minecraft:used":{"minecraft:beetroot":1,"minecraft:stone_sword":97,"minecraft:birch_planks":10,"minecraft:stone_pickaxe":180,"minecraft:oak_planks":8,"minecraft:blackstone":12,"minecraft:torch":39,"minecraft:glow_berries":7,"minecraft:crafting_table":2,"minecraft:carrot":12,"minecraft:granite":5,"minecraft:wooden_axe":11,"minecraft:iron_pickaxe":92,"tombstone:grave_key":6,"minecraft:gravel":3,"minecraft:stone_axe":29,"minecraft:cobblestone":75,"tombstone:gift":2,"minecraft:yellow_bed":1,"minecraft:sea_pickle":4,"minecraft:cobbled_deepslate":12},"minecraft:killed_by":{"minecraft:player":2,"minecraft:skeleton":2,"minecraft:creeper":2,"minecraft:zombie":3},"minecraft:crafted":{"minecraft:oak_planks":76,"minecraft:crafting_table":1,"minecraft:iron_helmet":1,"minecraft:birch_planks":44,"minecraft:stone_axe":1,"minecraft:air":0,"comforts:sleeping_bag_yellow":1,"minecraft:iron_chestplate":1,"minecraft:iron_boots":1,"minecraft:stick":8,"minecraft:iron_pickaxe":1,"minecraft:iron_ingot":26,"minecraft:stone_pickaxe":1,"minecraft:wooden_axe":1,"minecraft:stone_sword":1,"minecraft:iron_leggings":1},"minecraft:killed":{"minecraft:creeper":2,"minecraft:skeleton":3,"minecraft:zombie":12},"minecraft:custom":{"minecraft:interact_with_furnace":4,"minecraft:mob_kills":20,"minecraft:interact_with_crafting_table":15,"minecraft:damage_dealt_resisted":93,"minecraft:leave_game":1,"minecraft:time_since_death":7162,"minecraft:sleep_in_bed":2,"minecraft:climb_one_cm":296,"minecraft:time_since_rest":7187,"minecraft:sprint_one_cm":239729,"minecraft:damage_taken":4318,"minecraft:walk_one_cm":192706,"minecraft:drop":10,"minecraft:damage_dealt":4070,"minecraft:swim_one_cm":28275,"minecraft:player_kills":1,"minecraft:fly_one_cm":250311,"minecraft:open_chest":4,"minecraft:crouch_one_cm":17807,"minecraft:play_time":89176,"tombstone:undead_killed":15,"minecraft:deaths":13,"minecraft:sneak_time":8728,"minecraft:walk_under_water_one_cm":5052,"minecraft:jump":1737,"minecraft:interact_with_blast_furnace":21,"minecraft:walk_on_water_one_cm":9745,"minecraft:total_world_time":89176,"minecraft:fall_one_cm":54062},"minecraft:picked_up":{"minecraft:birch_log":11,"minecraft:crafting_table":1,"minecraft:wheat":3,"minecraft:yellow_wool":3,"minecraft:birch_planks":17,"minecraft:flint":2,"minecraft:tuff":1,"minecraft:oak_log":19,"minecraft:yellow_bed":1,"minecraft:gunpowder":2,"minecraft:string":4,"mca:book_romance":1,"minecraft:lapis_lazuli":13,"minecraft:dirt":5,"minecraft:name_tag":1,"minecraft:bone":4,"minecraft:blackstone":21,"minecraft:beetroot":1,"minecraft:sea_pickle":4,"minecraft:bow":1,"minecraft:stonecutter":1,"minecraft:wheat_seeds":16,"minecraft:cobbled_deepslate":38,"minecraft:raw_gold":1,"minecraft:stone_pickaxe":6,"minecraft:oak_boat":1,"minecraft:calcite":7,"minecraft:fletching_table":1,"minecraft:birch_sapling":1,"minecraft:stone_hoe":1,"minecraft:stick":15,"minecraft:raw_iron":96,"minecraft:torch":41,"iceandfire:silver_ore":10,"minecraft:gravel":10,"minecraft:pointed_dripstone":8,"minecraft:carrot":8,"minecraft:mossy_cobblestone":1,"minecraft:spider_eye":1,"alexsmobs:animal_dictionary":1,"minecraft:bundle":1,"minecraft:stone_sword":1,"minecraft:arrow":16,"minecraft:rotten_flesh":9,"tombstone:familiar_stone":1,"minecraft:stone_axe":1,"minecraft:beetroot_seeds":1,"minecraft:granite":5,"minecraft:oak_sapling":2,"minecraft:glow_berries":2,"minecraft:coal":16,"minecraft:snowball":12,"minecraft:cobblestone":115},"minecraft:mined":{"minecraft:tuff":1,"iceandfire:silver_ore":9,"minecraft:blackstone":16,"minecraft:mossy_cobblestone":1,"minecraft:crafting_table":1,"minecraft:torch":6,"minecraft:grass_block":2,"minecraft:calcite":7,"minecraft:cobblestone":27,"minecraft:deepslate_gold_ore":1,"minecraft:wall_torch":5,"minecraft:large_fern":2,"minecraft:birch_planks":9,"minecraft:carrots":4,"minecraft:sea_pickle":2,"minecraft:yellow_wool":4,"minecraft:birch_log":11,"minecraft:iron_ore":19,"minecraft:cobbled_deepslate":3,"minecraft:wheat":8,"minecraft:birch_leaves":2,"minecraft:coal_ore":16,"minecraft:yellow_bed":1,"minecraft:deepslate_iron_ore":51,"minecraft:oak_log":19,"minecraft:beetroots":1,"minecraft:gravel":4,"minecraft:cobweb":3,"minecraft:stone":91,"minecraft:deepslate":25}},"DataVersion":2975}