{"stats":{"minecraft:dropped":{"minecraft:spider_eye":1,"minecraft:spruce_sapling":1},"minecraft:used":{"minecraft:wooden_axe":8,"minecraft:stone_pickaxe":38,"minecraft:wooden_pickaxe":11,"minecraft:smooth_basalt":5,"minecraft:stone_axe":14,"minecraft:sweet_berries":64,"minecraft:crafting_table":1,"alexsmobs:animal_dictionary":1},"minecraft:killed_by":{"minecraft:player":1},"minecraft:crafted":{"minecraft:charcoal":1,"minecraft:crafting_table":1,"minecraft:spruce_planks":30,"minecraft:stick":8,"minecraft:wooden_pickaxe":1,"minecraft:stone_pickaxe":1,"minecraft:wooden_axe":1,"minecraft:stone_axe":1},"minecraft:killed":{"minecraft:iron_golem":1},"minecraft:picked_up":{"minecraft:smooth_basalt":9,"minecraft:sweet_berries":52,"minecraft:spruce_sapling":1,"minecraft:white_bed":1,"minecraft:spruce_log":20,"minecraft:spider_eye":1,"minecraft:rotten_flesh":1,"minecraft:stonecutter":1,"minecraft:iron_ingot":3,"minecraft:cobblestone":16},"minecraft:custom":{"minecraft:time_since_rest":19118,"minecraft:sprint_one_cm":116476,"minecraft:interact_with_furnace":4,"minecraft:damage_taken":774,"minecraft:walk_one_cm":60608,"minecraft:mob_kills":1,"minecraft:drop":2,"minecraft:damage_dealt":1020,"minecraft:interact_with_crafting_table":2,"minecraft:fly_one_cm":157717,"minecraft:open_chest":2,"minecraft:play_time":31957,"minecraft:deaths":2,"minecraft:jump":779,"minecraft:time_since_death":19092,"minecraft:total_world_time":31957,"minecraft:fall_one_cm":21563},"minecraft:mined":{"minecraft:white_bed":1,"minecraft:sweet_berry_bush":22,"minecraft:spruce_log":22,"minecraft:birch_leaves":3,"minecraft:powder_snow":1,"minecraft:cobblestone":16,"minecraft:smooth_basalt":4,"minecraft:spruce_leaves":4,"minecraft:stonecutter":1}},"DataVersion":2975}