{"stats":{"minecraft:dropped":{"minecraft:spider_eye":1,"minecraft:spruce_sapling":1},"minecraft:used":{"minecraft:wheat_seeds":8,"minecraft:wooden_axe":8,"minecraft:stone_pickaxe":103,"minecraft:wooden_pickaxe":11,"minecraft:gravel":4,"minecraft:smooth_basalt":8,"minecraft:stone_axe":26,"minecraft:cobblestone":26,"minecraft:sweet_berries":102,"minecraft:crafting_table":2,"minecraft:white_bed":1,"alexsmobs:animal_dictionary":1,"minecraft:potato":2},"minecraft:killed_by":{"minecraft:player":1},"minecraft:crafted":{"minecraft:oak_planks":12,"minecraft:charcoal":1,"minecraft:shield":1,"minecraft:crafting_table":2,"minecraft:spruce_planks":30,"minecraft:stick":8,"minecraft:wooden_pickaxe":1,"minecraft:stone_pickaxe":1,"minecraft:wooden_axe":1,"minecraft:stone_axe":1},"minecraft:killed":{"minecraft:iron_golem":1},"minecraft:picked_up":{"minecraft:crafting_table":1,"minecraft:smooth_basalt":9,"minecraft:sweet_berries":81,"minecraft:leather":1,"minecraft:lead":2,"minecraft:oak_log":3,"minecraft:spruce_sapling":1,"minecraft:white_bed":2,"minecraft:spruce_log":20,"minecraft:spider_eye":1,"minecraft:blackstone":1,"minecraft:rotten_flesh":1,"minecraft:stonecutter":1,"minecraft:wheat_seeds":12,"minecraft:iron_ingot":3,"minecraft:oak_planks":1,"minecraft:coal":22,"minecraft:cobblestone":43},"minecraft:custom":{"minecraft:time_since_rest":6526,"minecraft:sprint_one_cm":211306,"minecraft:interact_with_furnace":4,"minecraft:damage_taken":989,"minecraft:walk_one_cm":142939,"minecraft:mob_kills":1,"minecraft:drop":2,"minecraft:damage_dealt":1050,"minecraft:interact_with_crafting_table":3,"minecraft:fly_one_cm":243200,"minecraft:open_chest":5,"minecraft:play_time":67957,"minecraft:deaths":2,"minecraft:jump":1343,"minecraft:sleep_in_bed":1,"minecraft:walk_on_water_one_cm":2415,"minecraft:time_since_death":55092,"minecraft:climb_one_cm":424,"minecraft:total_world_time":67957,"minecraft:fall_one_cm":34037},"minecraft:mined":{"minecraft:white_bed":2,"minecraft:blackstone":2,"minecraft:sweet_berry_bush":36,"minecraft:spruce_log":22,"minecraft:birch_leaves":8,"minecraft:powder_snow":1,"minecraft:crafting_table":1,"minecraft:grass":107,"minecraft:oak_log":5,"minecraft:coal_ore":22,"minecraft:dirt":2,"minecraft:cobblestone":16,"minecraft:smooth_basalt":4,"minecraft:spruce_leaves":4,"minecraft:stonecutter":1,"minecraft:stone":29,"minecraft:oak_planks":1,"minecraft:bricks":1}},"DataVersion":2975}