{"stats":{"minecraft:dropped":{"minecraft:iron_ingot":4,"minecraft:iron_sword":1,"minecraft:oak_log":1,"minecraft:mossy_cobblestone":2,"iceandfire:frozen_dirt":6,"iceandfire:frozen_gravel":1,"minecraft:leather":1,"minecraft:ink_sac":6,"alexsmobs:flying_fish":2,"tombstone:grave_dust":3,"minecraft:oak_stairs":6,"minecraft:string":2,"minecraft:spruce_sapling":1,"iceandfire:frozen_cobblestone":4,"minecraft:oak_door":1,"minecraft:coarse_dirt":4,"minecraft:rotten_flesh":4,"iceandfire:fire_lily":3,"minecraft:andesite":29,"minecraft:spider_eye":1,"minecraft:beef":1,"minecraft:stone_pickaxe":2},"minecraft:used":{"minecraft:poppy":12,"minecraft:shield":51,"minecraft:iron_sword":43,"minecraft:stone_hoe":56,"iceandfire:copper_ore":2,"minecraft:iron_chestplate":1,"minecraft:torch":48,"minecraft:dirt":16,"minecraft:azure_bluet":2,"minecraft:wooden_axe":8,"minecraft:smooth_basalt":9,"minecraft:sweet_berries":167,"minecraft:furnace":2,"minecraft:cooked_cod":1,"tombstone:gift":3,"minecraft:potato":2,"minecraft:wheat_seeds":100,"minecraft:diorite":71,"minecraft:birch_planks":3,"minecraft:stone_pickaxe":230,"minecraft:wooden_pickaxe":11,"minecraft:brown_mushroom":7,"minecraft:composter":1,"minecraft:crafting_table":7,"minecraft:red_mushroom":5,"minecraft:white_bed":3,"minecraft:oak_log":11,"minecraft:cornflower":8,"minecraft:oxeye_daisy":5,"minecraft:bread":35,"minecraft:iron_pickaxe":112,"minecraft:gravel":4,"minecraft:stone_axe":62,"minecraft:cobblestone":82,"alexsmobs:animal_dictionary":1,"minecraft:dandelion":32,"minecraft:bone_meal":49},"minecraft:broken":{"minecraft:stone_pickaxe":1},"minecraft:killed_by":{"minecraft:player":1,"iceandfire:ice_dragon":3},"minecraft:crafted":{"minecraft:oak_planks":12,"minecraft:furnace":1,"minecraft:bone_meal":39,"minecraft:iron_boots":1,"minecraft:stone_pickaxe":2,"minecraft:stone_hoe":1,"minecraft:wheat":117,"minecraft:cooked_cod":1,"minecraft:crafting_table":2,"minecraft:spruce_planks":30,"minecraft:wooden_pickaxe":1,"minecraft:iron_sword":1,"minecraft:birch_planks":20,"minecraft:stone_axe":1,"minecraft:bread":46,"minecraft:iron_chestplate":1,"minecraft:charcoal":1,"minecraft:shield":1,"minecraft:stick":20,"minecraft:iron_ingot":40,"minecraft:iron_pickaxe":1,"minecraft:wooden_axe":1,"minecraft:iron_leggings":1,"minecraft:torch":52},"minecraft:killed":{"mca:female_zombie_villager":1,"mca:male_zombie_villager":1,"minecraft:cod":1,"minecraft:skeleton":6,"alexsmobs:flying_fish":1,"minecraft:iron_golem":1,"minecraft:zombie":5,"alexsmobs:crow":1,"minecraft:cow":1},"minecraft:custom":{"minecraft:mob_kills":20,"minecraft:interact_with_crafting_table":29,"minecraft:time_since_death":25298,"minecraft:climb_one_cm":829,"minecraft:sprint_one_cm":598810,"minecraft:walk_one_cm":366735,"minecraft:damage_blocked_by_shield":1976,"minecraft:drop":35,"minecraft:play_time":199957,"minecraft:deaths":5,"minecraft:walk_under_water_one_cm":8190,"minecraft:jump":4314,"minecraft:interact_with_blast_furnace":13,"minecraft:walk_on_water_one_cm":10898,"minecraft:total_world_time":199957,"minecraft:interact_with_furnace":19,"minecraft:sleep_in_bed":11,"minecraft:time_since_rest":25323,"minecraft:damage_taken":3374,"minecraft:damage_dealt":4073,"minecraft:swim_one_cm":7597,"minecraft:fly_one_cm":826150,"minecraft:open_chest":12,"tombstone:undead_killed":13,"minecraft:fall_one_cm":113452},"minecraft:picked_up":{"minecraft:crafting_table":5,"minecraft:coarse_dirt":4,"minecraft:wheat":37,"minecraft:azure_bluet":2,"iceandfire:copper_ore":2,"iceandfire:fire_lily":5,"minecraft:brown_mushroom":8,"minecraft:lead":2,"minecraft:oak_stairs":6,"iceandfire:frozen_cobblestone":4,"minecraft:brewing_stand":1,"minecraft:cornflower":8,"minecraft:string":3,"magistuarmory:iron_zweihander":1,"minecraft:blackstone":1,"iceandfire:frost_lily":1,"minecraft:poppy":12,"iceandfire:frozen_gravel":1,"minecraft:furnace":1,"minecraft:raw_iron":35,"minecraft:oak_door":1,"minecraft:composter":1,"tombstone:grave_dust":2,"minecraft:diorite":67,"minecraft:arrow":8,"minecraft:rotten_flesh":8,"minecraft:hay_block":33,"minecraft:oxeye_daisy":5,"minecraft:cod":1,"minecraft:cobblestone":153,"alexsmobs:flying_fish":2,"minecraft:birch_log":6,"minecraft:andesite":29,"minecraft:leather":1,"minecraft:red_mushroom":5,"minecraft:oak_log":15,"minecraft:dirt":16,"minecraft:bone":17,"minecraft:stonecutter":1,"minecraft:wheat_seeds":120,"minecraft:iron_ingot":3,"minecraft:stone_pickaxe":1,"minecraft:oak_planks":1,"minecraft:smooth_basalt":9,"minecraft:sweet_berries":135,"minecraft:dandelion":32,"minecraft:spruce_sapling":1,"minecraft:ink_sac":6,"minecraft:white_bed":4,"minecraft:spruce_log":20,"iceandfire:frozen_dirt":6,"minecraft:spider_eye":1,"minecraft:mossy_cobblestone":2,"minecraft:bundle":1,"minecraft:bone_meal":10,"magistuarmory:wood_pavese":1,"minecraft:coal":84},"minecraft:mined":{"minecraft:white_bed":4,"iceandfire:frozen_cobblestone":1,"minecraft:brewing_stand":1,"minecraft:grass_block":7,"minecraft:spruce_leaves":4,"minecraft:composter":1,"minecraft:red_mushroom":5,"minecraft:oxeye_daisy":5,"minecraft:hay_block":33,"minecraft:furnace":1,"iceandfire:copper_ore":2,"minecraft:iron_ore":34,"minecraft:azure_bluet":2,"iceandfire:frost_lily":1,"minecraft:stone":79,"minecraft:podzol":1,"minecraft:brown_mushroom":8,"minecraft:blackstone":2,"minecraft:powder_snow":1,"minecraft:dandelion":31,"iceandfire:frozen_gravel":1,"minecraft:crafting_table":5,"minecraft:cornflower":8,"minecraft:poppy":12,"iceandfire:frozen_dirt":3,"iceandfire:fire_lily":3,"minecraft:cobblestone":39,"minecraft:oak_planks":1,"minecraft:bricks":1,"minecraft:diorite":42,"minecraft:birch_log":6,"minecraft:sweet_berry_bush":55,"minecraft:wheat":38,"minecraft:spruce_log":22,"minecraft:birch_leaves":8,"minecraft:grass":168,"minecraft:oak_log":16,"minecraft:coal_ore":48,"minecraft:gravel":2,"minecraft:dirt":10,"minecraft:cobweb":1,"minecraft:smooth_basalt":4,"minecraft:stonecutter":1,"minecraft:oak_leaves":2}},"DataVersion":2975}