{"stats":{"minecraft:dropped":{"minecraft:rotten_flesh":1,"minecraft:spider_eye":1,"minecraft:spruce_sapling":1},"minecraft:used":{"minecraft:wheat_seeds":100,"minecraft:birch_planks":3,"minecraft:stone_pickaxe":222,"minecraft:poppy":8,"minecraft:shield":33,"minecraft:wooden_pickaxe":11,"minecraft:brown_mushroom":3,"minecraft:composter":1,"minecraft:stone_hoe":21,"iceandfire:copper_ore":2,"minecraft:torch":42,"minecraft:dirt":16,"minecraft:crafting_table":4,"minecraft:red_mushroom":5,"minecraft:white_bed":2,"minecraft:azure_bluet":2,"minecraft:oak_log":11,"minecraft:wooden_axe":8,"minecraft:cornflower":8,"minecraft:oxeye_daisy":5,"minecraft:bread":12,"minecraft:gravel":4,"minecraft:smooth_basalt":9,"minecraft:stone_axe":58,"minecraft:cobblestone":61,"minecraft:sweet_berries":164,"alexsmobs:animal_dictionary":1,"minecraft:potato":2,"minecraft:dandelion":32,"minecraft:bone_meal":48},"minecraft:killed_by":{"minecraft:player":1},"minecraft:crafted":{"minecraft:oak_planks":12,"minecraft:crafting_table":2,"minecraft:spruce_planks":30,"minecraft:wooden_pickaxe":1,"minecraft:bone_meal":39,"minecraft:birch_planks":20,"minecraft:stone_axe":1,"minecraft:bread":12,"minecraft:charcoal":1,"minecraft:shield":1,"minecraft:stick":20,"minecraft:stone_pickaxe":2,"minecraft:wooden_axe":1,"minecraft:torch":44,"minecraft:stone_hoe":1},"minecraft:killed":{"minecraft:iron_golem":1,"minecraft:cod":1,"minecraft:skeleton":6,"alexsmobs:crow":1,"alexsmobs:flying_fish":1},"minecraft:custom":{"minecraft:interact_with_furnace":4,"minecraft:mob_kills":11,"minecraft:interact_with_crafting_table":15,"minecraft:time_since_death":139092,"minecraft:sleep_in_bed":9,"minecraft:climb_one_cm":424,"minecraft:time_since_rest":0,"minecraft:sprint_one_cm":454974,"minecraft:damage_taken":1634,"minecraft:walk_one_cm":304589,"minecraft:damage_blocked_by_shield":1550,"minecraft:drop":3,"minecraft:damage_dealt":2180,"minecraft:swim_one_cm":7597,"minecraft:fly_one_cm":579237,"minecraft:open_chest":5,"minecraft:play_time":151957,"tombstone:undead_killed":6,"minecraft:deaths":2,"minecraft:walk_under_water_one_cm":8190,"minecraft:jump":3159,"minecraft:walk_on_water_one_cm":10853,"minecraft:total_world_time":151957,"minecraft:fall_one_cm":87639},"minecraft:picked_up":{"minecraft:birch_log":6,"minecraft:crafting_table":2,"minecraft:wheat":36,"minecraft:azure_bluet":2,"iceandfire:copper_ore":2,"iceandfire:fire_lily":2,"minecraft:leather":1,"minecraft:brown_mushroom":3,"minecraft:lead":2,"minecraft:red_mushroom":5,"minecraft:oak_log":14,"minecraft:cornflower":8,"minecraft:dirt":16,"minecraft:bone":13,"minecraft:blackstone":1,"minecraft:stonecutter":1,"minecraft:wheat_seeds":114,"iceandfire:frost_lily":1,"minecraft:iron_ingot":3,"minecraft:poppy":12,"minecraft:oak_planks":1,"minecraft:raw_iron":11,"minecraft:smooth_basalt":9,"minecraft:sweet_berries":133,"minecraft:composter":1,"minecraft:dandelion":32,"minecraft:spruce_sapling":1,"minecraft:ink_sac":3,"minecraft:white_bed":2,"minecraft:spruce_log":20,"minecraft:spider_eye":1,"minecraft:bundle":1,"minecraft:arrow":8,"minecraft:rotten_flesh":3,"minecraft:bone_meal":9,"minecraft:cod":1,"minecraft:coal":48,"alexsmobs:flying_fish":2,"minecraft:cobblestone":72,"minecraft:oxeye_daisy":5},"minecraft:mined":{"minecraft:podzol":1,"minecraft:brown_mushroom":3,"minecraft:white_bed":2,"minecraft:blackstone":2,"minecraft:dandelion":31,"minecraft:powder_snow":1,"minecraft:crafting_table":2,"minecraft:cornflower":8,"minecraft:grass_block":7,"minecraft:poppy":12,"iceandfire:fire_lily":3,"minecraft:cobblestone":16,"minecraft:spruce_leaves":4,"minecraft:red_mushroom":5,"minecraft:composter":1,"minecraft:oak_planks":1,"minecraft:bricks":1,"minecraft:oxeye_daisy":5,"iceandfire:copper_ore":2,"minecraft:birch_log":6,"minecraft:iron_ore":11,"minecraft:wheat":37,"minecraft:sweet_berry_bush":55,"minecraft:spruce_log":22,"minecraft:birch_leaves":8,"minecraft:azure_bluet":2,"minecraft:grass":166,"minecraft:coal_ore":48,"minecraft:oak_log":16,"minecraft:dirt":10,"iceandfire:frost_lily":1,"minecraft:smooth_basalt":4,"minecraft:stonecutter":1,"minecraft:stone":58}},"DataVersion":2975}