{"stats":{"minecraft:dropped":{"minecraft:rotten_flesh":1,"minecraft:spider_eye":1,"minecraft:spruce_sapling":1},"minecraft:used":{"minecraft:wheat_seeds":50,"minecraft:stone_pickaxe":169,"minecraft:poppy":5,"minecraft:shield":19,"minecraft:wooden_pickaxe":11,"minecraft:composter":1,"minecraft:stone_hoe":13,"minecraft:torch":18,"minecraft:dirt":8,"minecraft:crafting_table":4,"minecraft:white_bed":2,"minecraft:azure_bluet":2,"minecraft:oak_log":11,"minecraft:wooden_axe":8,"minecraft:cornflower":4,"minecraft:oxeye_daisy":3,"minecraft:bread":3,"minecraft:gravel":4,"minecraft:smooth_basalt":8,"minecraft:stone_axe":57,"minecraft:cobblestone":32,"minecraft:sweet_berries":142,"alexsmobs:animal_dictionary":1,"minecraft:potato":2,"minecraft:dandelion":21,"minecraft:bone_meal":15},"minecraft:killed_by":{"minecraft:player":1},"minecraft:crafted":{"minecraft:oak_planks":12,"minecraft:crafting_table":2,"minecraft:spruce_planks":30,"minecraft:wooden_pickaxe":1,"minecraft:bone_meal":27,"minecraft:birch_planks":20,"minecraft:stone_axe":1,"minecraft:bread":3,"minecraft:charcoal":1,"minecraft:shield":1,"minecraft:stick":20,"minecraft:stone_pickaxe":2,"minecraft:wooden_axe":1,"minecraft:torch":20,"minecraft:stone_hoe":1},"minecraft:killed":{"minecraft:iron_golem":1,"minecraft:skeleton":4},"minecraft:custom":{"minecraft:interact_with_furnace":4,"minecraft:mob_kills":5,"minecraft:interact_with_crafting_table":8,"minecraft:time_since_death":103092,"minecraft:sleep_in_bed":6,"minecraft:climb_one_cm":424,"minecraft:time_since_rest":1135,"minecraft:sprint_one_cm":364080,"minecraft:damage_taken":1294,"minecraft:walk_one_cm":231361,"minecraft:damage_blocked_by_shield":980,"minecraft:drop":3,"minecraft:damage_dealt":1580,"minecraft:fly_one_cm":459627,"minecraft:open_chest":5,"minecraft:play_time":115957,"tombstone:undead_killed":4,"minecraft:deaths":2,"minecraft:jump":2361,"minecraft:walk_on_water_one_cm":2576,"minecraft:total_world_time":115957,"minecraft:fall_one_cm":66526},"minecraft:picked_up":{"minecraft:birch_log":6,"minecraft:crafting_table":2,"minecraft:wheat":11,"minecraft:azure_bluet":2,"iceandfire:fire_lily":2,"minecraft:leather":1,"minecraft:lead":2,"minecraft:oak_log":14,"minecraft:cornflower":4,"minecraft:dirt":16,"minecraft:bone":9,"minecraft:blackstone":1,"minecraft:stonecutter":1,"minecraft:wheat_seeds":50,"iceandfire:frost_lily":1,"minecraft:iron_ingot":3,"minecraft:poppy":5,"minecraft:oak_planks":1,"minecraft:smooth_basalt":9,"minecraft:sweet_berries":112,"minecraft:composter":1,"minecraft:dandelion":21,"minecraft:spruce_sapling":1,"minecraft:white_bed":2,"minecraft:spruce_log":20,"minecraft:spider_eye":1,"minecraft:bundle":1,"minecraft:arrow":6,"minecraft:rotten_flesh":1,"minecraft:bone_meal":3,"minecraft:coal":48,"minecraft:cobblestone":46,"minecraft:oxeye_daisy":3},"minecraft:mined":{"minecraft:podzol":1,"minecraft:white_bed":2,"minecraft:blackstone":2,"minecraft:dandelion":20,"minecraft:powder_snow":1,"minecraft:crafting_table":2,"minecraft:cornflower":4,"minecraft:grass_block":7,"minecraft:poppy":5,"iceandfire:fire_lily":3,"minecraft:cobblestone":16,"minecraft:spruce_leaves":4,"minecraft:composter":1,"minecraft:oak_planks":1,"minecraft:bricks":1,"minecraft:oxeye_daisy":3,"minecraft:birch_log":6,"minecraft:wheat":12,"minecraft:sweet_berry_bush":53,"minecraft:spruce_log":22,"minecraft:birch_leaves":8,"minecraft:azure_bluet":2,"minecraft:grass":166,"minecraft:coal_ore":48,"minecraft:oak_log":16,"minecraft:dirt":10,"iceandfire:frost_lily":1,"minecraft:smooth_basalt":4,"minecraft:stonecutter":1,"minecraft:stone":32}},"DataVersion":2975}