{"stats":{"minecraft:dropped":{"minecraft:rotten_flesh":3,"iceandfire:fire_lily":2,"minecraft:ink_sac":6,"minecraft:spider_eye":1,"minecraft:stone_pickaxe":2,"minecraft:spruce_sapling":1,"minecraft:oak_door":1},"minecraft:used":{"minecraft:wheat_seeds":100,"minecraft:birch_planks":3,"minecraft:stone_pickaxe":230,"minecraft:poppy":12,"minecraft:shield":48,"minecraft:wooden_pickaxe":11,"minecraft:iron_sword":14,"minecraft:brown_mushroom":7,"minecraft:composter":1,"minecraft:stone_hoe":56,"iceandfire:copper_ore":2,"minecraft:iron_chestplate":1,"minecraft:torch":42,"minecraft:dirt":16,"minecraft:crafting_table":4,"minecraft:red_mushroom":5,"minecraft:white_bed":3,"minecraft:azure_bluet":2,"minecraft:oak_log":11,"minecraft:wooden_axe":8,"minecraft:cornflower":8,"minecraft:oxeye_daisy":5,"minecraft:iron_pickaxe":6,"minecraft:bread":20,"minecraft:gravel":4,"minecraft:smooth_basalt":9,"minecraft:stone_axe":60,"minecraft:cobblestone":61,"minecraft:sweet_berries":167,"minecraft:furnace":1,"minecraft:cooked_cod":1,"tombstone:gift":1,"alexsmobs:animal_dictionary":1,"minecraft:potato":2,"minecraft:dandelion":32,"minecraft:bone_meal":49},"minecraft:broken":{"minecraft:stone_pickaxe":1},"minecraft:killed_by":{"minecraft:player":1,"iceandfire:ice_dragon":3},"minecraft:crafted":{"minecraft:cooked_cod":1,"minecraft:oak_planks":12,"minecraft:crafting_table":2,"minecraft:spruce_planks":30,"minecraft:wooden_pickaxe":1,"minecraft:iron_sword":1,"minecraft:furnace":1,"minecraft:bone_meal":39,"minecraft:birch_planks":20,"minecraft:stone_axe":1,"minecraft:bread":28,"minecraft:iron_chestplate":1,"minecraft:charcoal":1,"minecraft:shield":1,"minecraft:stick":20,"minecraft:iron_ingot":11,"minecraft:iron_pickaxe":1,"minecraft:stone_pickaxe":2,"minecraft:wooden_axe":1,"minecraft:torch":44,"minecraft:stone_hoe":1,"minecraft:wheat":63},"minecraft:killed":{"mca:female_zombie_villager":1,"mca:male_zombie_villager":1,"minecraft:iron_golem":1,"minecraft:cod":1,"minecraft:skeleton":6,"minecraft:zombie":1,"alexsmobs:crow":1,"alexsmobs:flying_fish":1,"minecraft:cow":1},"minecraft:custom":{"minecraft:interact_with_furnace":15,"minecraft:mob_kills":16,"minecraft:interact_with_crafting_table":25,"minecraft:time_since_death":1298,"minecraft:sleep_in_bed":11,"minecraft:climb_one_cm":829,"minecraft:time_since_rest":1323,"minecraft:sprint_one_cm":542493,"minecraft:damage_taken":2805,"minecraft:walk_one_cm":351761,"minecraft:damage_blocked_by_shield":1901,"minecraft:drop":12,"minecraft:damage_dealt":2760,"minecraft:swim_one_cm":7597,"minecraft:fly_one_cm":716039,"minecraft:open_chest":7,"minecraft:play_time":175957,"tombstone:undead_killed":9,"minecraft:deaths":5,"minecraft:walk_under_water_one_cm":8190,"minecraft:jump":3757,"minecraft:walk_on_water_one_cm":10898,"minecraft:total_world_time":175957,"minecraft:fall_one_cm":99383},"minecraft:picked_up":{"minecraft:birch_log":6,"minecraft:crafting_table":3,"minecraft:wheat":37,"minecraft:azure_bluet":2,"iceandfire:copper_ore":2,"iceandfire:fire_lily":4,"minecraft:leather":1,"minecraft:brown_mushroom":8,"minecraft:lead":2,"minecraft:red_mushroom":5,"minecraft:oak_log":14,"minecraft:brewing_stand":1,"minecraft:string":1,"minecraft:cornflower":8,"minecraft:dirt":16,"minecraft:bone":13,"minecraft:blackstone":1,"minecraft:stonecutter":1,"minecraft:wheat_seeds":119,"iceandfire:frost_lily":1,"minecraft:stone_pickaxe":1,"minecraft:iron_ingot":3,"minecraft:poppy":12,"minecraft:oak_planks":1,"minecraft:furnace":1,"minecraft:raw_iron":13,"minecraft:smooth_basalt":9,"minecraft:oak_door":1,"minecraft:sweet_berries":135,"minecraft:composter":1,"minecraft:dandelion":32,"minecraft:spruce_sapling":1,"minecraft:ink_sac":6,"minecraft:white_bed":4,"minecraft:spruce_log":20,"minecraft:spider_eye":1,"minecraft:bundle":1,"minecraft:arrow":8,"minecraft:rotten_flesh":7,"minecraft:hay_block":33,"minecraft:bone_meal":10,"minecraft:cod":1,"minecraft:coal":84,"alexsmobs:flying_fish":2,"minecraft:cobblestone":80,"minecraft:oxeye_daisy":5},"minecraft:mined":{"minecraft:podzol":1,"minecraft:brown_mushroom":8,"minecraft:white_bed":4,"minecraft:blackstone":2,"minecraft:dandelion":31,"minecraft:powder_snow":1,"minecraft:brewing_stand":1,"minecraft:crafting_table":3,"minecraft:cornflower":8,"minecraft:grass_block":7,"minecraft:poppy":12,"iceandfire:fire_lily":3,"minecraft:cobblestone":24,"minecraft:spruce_leaves":4,"minecraft:red_mushroom":5,"minecraft:composter":1,"minecraft:oak_planks":1,"minecraft:bricks":1,"minecraft:oxeye_daisy":5,"minecraft:hay_block":33,"minecraft:furnace":1,"iceandfire:copper_ore":2,"minecraft:birch_log":6,"minecraft:iron_ore":13,"minecraft:wheat":38,"minecraft:sweet_berry_bush":55,"minecraft:spruce_log":22,"minecraft:birch_leaves":8,"minecraft:azure_bluet":2,"minecraft:grass":168,"minecraft:coal_ore":48,"minecraft:oak_log":16,"minecraft:dirt":10,"minecraft:cobweb":1,"iceandfire:frost_lily":1,"minecraft:smooth_basalt":4,"minecraft:stonecutter":1,"minecraft:stone":58,"minecraft:oak_leaves":2}},"DataVersion":2975}