{"stats":{"minecraft:dropped":{"minecraft:rotten_flesh":1,"minecraft:spider_eye":1,"minecraft:spruce_sapling":1},"minecraft:used":{"minecraft:wheat_seeds":70,"minecraft:stone_pickaxe":180,"minecraft:poppy":5,"minecraft:shield":27,"minecraft:wooden_pickaxe":11,"minecraft:composter":1,"minecraft:stone_hoe":15,"iceandfire:copper_ore":2,"minecraft:torch":42,"minecraft:dirt":16,"minecraft:crafting_table":4,"minecraft:white_bed":2,"minecraft:azure_bluet":2,"minecraft:oak_log":11,"minecraft:wooden_axe":8,"minecraft:cornflower":4,"minecraft:oxeye_daisy":3,"minecraft:bread":7,"minecraft:gravel":4,"minecraft:smooth_basalt":8,"minecraft:stone_axe":58,"minecraft:cobblestone":35,"minecraft:sweet_berries":157,"alexsmobs:animal_dictionary":1,"minecraft:potato":2,"minecraft:dandelion":21,"minecraft:bone_meal":31},"minecraft:killed_by":{"minecraft:player":1},"minecraft:crafted":{"minecraft:oak_planks":12,"minecraft:crafting_table":2,"minecraft:spruce_planks":30,"minecraft:wooden_pickaxe":1,"minecraft:bone_meal":27,"minecraft:birch_planks":20,"minecraft:stone_axe":1,"minecraft:bread":7,"minecraft:charcoal":1,"minecraft:shield":1,"minecraft:stick":20,"minecraft:stone_pickaxe":2,"minecraft:wooden_axe":1,"minecraft:torch":44,"minecraft:stone_hoe":1},"minecraft:killed":{"minecraft:iron_golem":1,"minecraft:skeleton":5,"alexsmobs:crow":1},"minecraft:custom":{"minecraft:interact_with_furnace":4,"minecraft:mob_kills":7,"minecraft:interact_with_crafting_table":10,"minecraft:time_since_death":115092,"minecraft:sleep_in_bed":6,"minecraft:climb_one_cm":424,"minecraft:time_since_rest":13135,"minecraft:sprint_one_cm":403705,"minecraft:damage_taken":1434,"minecraft:walk_one_cm":254138,"minecraft:damage_blocked_by_shield":1290,"minecraft:drop":3,"minecraft:damage_dealt":1840,"minecraft:fly_one_cm":509466,"minecraft:open_chest":5,"minecraft:play_time":127957,"tombstone:undead_killed":5,"minecraft:deaths":2,"minecraft:jump":2688,"minecraft:walk_on_water_one_cm":2576,"minecraft:total_world_time":127957,"minecraft:fall_one_cm":76759},"minecraft:picked_up":{"minecraft:birch_log":6,"minecraft:crafting_table":2,"minecraft:wheat":21,"minecraft:azure_bluet":2,"iceandfire:copper_ore":2,"iceandfire:fire_lily":2,"minecraft:leather":1,"minecraft:lead":2,"minecraft:oak_log":14,"minecraft:cornflower":8,"minecraft:dirt":16,"minecraft:bone":11,"minecraft:blackstone":1,"minecraft:stonecutter":1,"minecraft:wheat_seeds":77,"iceandfire:frost_lily":1,"minecraft:iron_ingot":3,"minecraft:poppy":5,"minecraft:oak_planks":1,"minecraft:raw_iron":3,"minecraft:smooth_basalt":9,"minecraft:sweet_berries":126,"minecraft:composter":1,"minecraft:dandelion":25,"minecraft:spruce_sapling":1,"minecraft:white_bed":2,"minecraft:spruce_log":20,"minecraft:spider_eye":1,"minecraft:bundle":1,"minecraft:arrow":8,"minecraft:rotten_flesh":1,"minecraft:bone_meal":4,"minecraft:coal":48,"minecraft:cobblestone":48,"minecraft:oxeye_daisy":5},"minecraft:mined":{"minecraft:podzol":1,"minecraft:white_bed":2,"minecraft:blackstone":2,"minecraft:dandelion":24,"minecraft:powder_snow":1,"minecraft:crafting_table":2,"minecraft:cornflower":8,"minecraft:grass_block":7,"minecraft:poppy":5,"iceandfire:fire_lily":3,"minecraft:cobblestone":16,"minecraft:spruce_leaves":4,"minecraft:composter":1,"minecraft:oak_planks":1,"minecraft:bricks":1,"minecraft:oxeye_daisy":5,"iceandfire:copper_ore":2,"minecraft:birch_log":6,"minecraft:iron_ore":3,"minecraft:wheat":22,"minecraft:sweet_berry_bush":53,"minecraft:spruce_log":22,"minecraft:birch_leaves":8,"minecraft:azure_bluet":2,"minecraft:grass":166,"minecraft:coal_ore":48,"minecraft:oak_log":16,"minecraft:dirt":10,"iceandfire:frost_lily":1,"minecraft:smooth_basalt":4,"minecraft:stonecutter":1,"minecraft:stone":34}},"DataVersion":2975}